4|SB1|8|1|0000011120200001222200113232211133342416753444667444446677746666
4|SB1|8|1|1112222011122233122233332233333343353366475553667755666677766666
2|SB1|8|1|0000011100022221000424440304244433344477335474476354744755547777
2|SB1|8|1|3111022431211124322222243325244463555574665655776666577766777777
2|SB1|8|1|0022211102222441032322440323222403333244073555546735775477777555
4|SB1|8|1|2222001122000115222221553344415534455555445565557446665577445555
2|SB1|8|1|1122200711220077112220773224207734447777344455773664577766445777
2|SB1|8|1|4442031144223331442222334222523344665533644665536646665376666655
3|SB1|8|1|2210000021111130222111302211113042221133555511635555666377666633
4|SB1|8|1|0002222200222111002233310002234100333344333534443655377766657777
2|SB1|8|1|3000111533011155230115553331457566114475611114756644447744447777
2|SB1|8|1|1000004411122244111112241351444411511444155577446577744466777444
2|SB1|8|1|2221000022110030224133337741333374444333744444457476444577774444
3|SB1|8|1|2000011620030016224330562443355624445566245455562455566674555566
2|SB1|8|1|1222220012222255132244553364445536644557336475573667777736777777
3|SB1|8|1|0000222200002221033222550342455533444455344464563444645633766666
4|SB1|8|1|3111000033111110233330002222333022443333554444635774446357746663
4|SB1|8|1|0011111100222331022523330255536645555666457756664775566647776666
2|SB1|8|1|4400046614444466134324663333246633534446375746667777666677777766
4|SB1|8|1|2220000012200000112230001112333011423333444433537446665577777665
4|SB1|8|1|1111100044411122443331124333312244455555455555576655557765555577
4|SB1|8|1|2200001120022211220223312222333122444311544644415666741155777111
2|SB1|8|1|0111222241411232444333324444533544555555466666554766766577777665
4|SB1|8|1|0000014430000114322201143262444432624447356447775566447757777777
3|SB1|8|1|1222220011233220112322201143377014433377446333754463337566637777
2|SB1|8|1|1111006633311116343111263433511644735566777556667555666677755666
4|SB1|8|1|0000111100000011002040110022411322244443255554436575443365777433
3|SB1|8|1|0000111200011212011122220031322233333422353364443553664466666667
1|SB1|8|1|0000004400024014002244440322245407224454077444550765555577755555
4|SB1|8|1|2220000422231144222344442233444566444555666555576677557766777777
2|SB1|8|1|0000000011011000210110002111433021554440555446405566660055766000
4|SB1|8|1|0000001200001112033311220003312403333124055564445556664455766644
3|SB1|8|1|0000012300011123001142230414443304444445044444556744555577755555
4|SB1|8|1|0011111100001111002002113222222132225466555554665575555655777566
2|SB1|8|1|1111300011143333112443435144444354444666557446665774446657776666
4|SB1|8|1|1111300211333322113333221113335514433555144444451464475566677777
2|SB1|8|1|0002211100222113022222230022233345222633455566334456663377566666
2|SB1|8|1|2211100022111110222000002222222352242433554444335556633376663333
4|SB1|8|1|0000333310000033100032231153333344533333745555337445566377755663
4|SB1|8|1|1111100011000000111102204414332044445522447455526775555266777552
2|SB1|8|1|0000000211002202310002223133002231334052313444523336655237365552
2|SB1|8|1|1110000511111105112111054222333544425555664255556442555564475555
4|SB1|8|1|0002221144222213444233334422655342266657466675574677775746677777
3|SB1|8|1|2222000312233333112233335123333355223334552233665522236677766666
4|SB1|8|1|1111000013111000132333003333400433334444355666647777746477774444
4|SB1|8|1|1100003311122233112232331552333314533636445536664775666647766666
2|SB1|8|1|0001111200111222001112520333155204333555663777556637755766777777
4|SB1|8|1|2221111022221113424251134445553344453333747555637777566377775566
2|SB1|8|1|0000002301550023011532230115333344553333755333337757736377773333
4|SB1|8|1|3300011133304112333342223533444755544477555666775666777757777777
4|SB1|8|1|5555510051111102511110025553402255674444566777746667444466777744
3|SB1|8|1|6220001166222111662221316422253564444555644447556777477566677777
2|SB1|8|1|0011144400001114022311440233344733333447333534475655544755577777
2|SB1|8|1|1130044511320455133244551336477511664475616667756166775566677775
2|SB1|8|1|0000000000001000201110002211000352544333555443335444466377746666
1|SB1|8|1|1111111012221444222224443244444442444444444554446645744464457744
4|SB1|8|1|0333333303333112000631224466335544466555774665557666556577666666
4|SB1|8|1|0000011100000211500222115332221155322444553333447553334675333666
4|SB1|8|1|1000022210100222111002221333000233334442533776427777664277666222
2|SB1|8|1|3110222231122222322222263332522634475226334755263377666637777666
4|SB1|8|1|3001111231112222331224263312246611144466155446665574446657777666
2|SB1|8|1|4111110341161123446612236466553364665335666655556666555767777777
4|SB1|8|1|0000111100001141002111445224144355544446757766667776666677766666
4|SB1|8|1|0002441100224111002244310004443304445333445553664445577645557766
3|SB1|8|1|1110005512113555221335556663555566644445664477556677775766777777
4|SB1|8|1|0000001130300001303220013332211133442111644225516747251177775511
2|SB1|8|1|3222247031125477322254473325554753555447555554575565555766657777
4|SB1|8|1|0001122201112212011111120003312205003142555034425660366276666622
4|SB1|8|1|0000001120001111220011112200111322044333522444375244666756666777
2|SB1|8|1|2222233022113330422253364255533644455366445556664455666675556666
4|SB1|8|1|1112220212224222333242263335426633354666355544463335744635557777
2|SB1|8|1|3330000030000111333500223355554433575447335754776557577755577777
2|SB1|8|1|1000044410110424101002241113022411116244511164445511664477776666
4|SB1|8|1|3000111632200116322261663245666634455666447755664777566647777666
4|SB1|8|1|1111024455111244551312445533144455333646753536667555377677777766
4|SB1|8|1|3111100031311100333344223433444234344722344447753664775536777555
2|SB1|8|1|2210003322111333224443334444433744445377665557776557777755557777
3|SB1|8|1|2000014421111114231133342331333422333444266633352226373722277777
2|SB1|8|1|2221100322221033222240332622443366744533667755336677533377775333
3|SB1|8|1|2222000011120040112220441122333411123344666553346667533366673333
3|SB1|8|1|4444333044113333421333334223355544233575642355776466666766677777
2|SB1|8|1|5000011150220011500220335022223350422433554444335555644375666666
3|SB1|8|1|1110222211112222133324421332244415552544155555446577555466777744
2|SB1|8|1|0000000011100220112200203322222253244422544464425444664257777622
4|SB1|8|1|0112233300112233402222234022332344223323662553336665577365555573
3|SB1|8|1|0011111301122133022222330246622322465553244655534466653374655555
2|SB1|8|1|2000001122201115224411552224335544443555444635554446335574663355
3|SB1|8|1|1112222011122222111224241332444411322447333555773366655766667777
4|SB1|8|1|0000011102003133020331132223333322433355226635552666555566666675
2|SB1|8|1|4440001144520001445201114455036644456666445566664775676677777776
2|SB1|8|1|1111120344411233444222334444433355444436566666365557666677777777
2|SB1|8|1|1111222031122227312242273344467734446677354467773346677744467777
2|SB1|8|1|2200000022110100222111003221111032444411333445556634777533333775
4|SB1|8|1|3300025513300225130022251330334511333445613555556136555566666775
2|SB1|8|1|0211114402121114022222140322444403244466035744463357466677774666
2|SB1|8|1|3112055531222255312255553374555533744455777775556667755566667775
3|SB1|8|1|2331110423314444223144442335744463557774637557446675774467777777
2|SB1|8|1|1112222011422233144244331144433341455533444455556444455566644475
2|SB1|8|1|4000111144011551420315114633355546335575466355754665577746657777
4|SB1|8|1|1110233312112233121123332222244322222443525544435556646677766666
2|SB1|8|1|2221110022211103452311034553311345533133445533335555536377566666
3|SB1|8|1|0000044401030004011302041133224431333444333566647777646476666444
2|SB1|8|1|3333220631322226313442263344466673466666755555667775566677775666
2|SB1|8|1|1111000011211000122213002222336044233660477536604477366044766666
2|SB1|8|1|0000111100311131203331332433333324434433254443335554433677744436
4|SB1|8|1|0000011122050001255500002250035044500557455555776665757767777777
4|SB1|8|1|2222200032221100322224403333224033554444355447445555774657777666
4|SB1|8|1|2000000022000111222011112223311142233336442355664333566677555666
2|SB1|8|1|0000011100011112032212220332222200333444003555540036654407366554
2|SB1|8|1|0011134420001334222011342555333455333734655557346577774455777774
4|SB1|8|1|1111110011111105111210053222240566444455666477576664477766666777
4|SB1|8|1|0000001100000111033200013332001135322441353544415555444677755666
2|SB1|8|1|1222000011220000122222001133422071534440755440007566660076660000
2|SB1|8|1|3300000033111000333160245531664455116644551166465551666657516666
4|SB1|8|1|1111000013000222133305523344055535540555355555553555655577775555
4|SB1|8|1|0000111344001133442231134222333342433333444443536774555367777555
4|SB1|8|1|0002222210000222115044425350542255555466577554665777766655777666
4|SB1|8|1|0000000010000022114400023334052244445556444556567746665677766666
2|SB1|8|1|1111000011210220212222002222220352724233527663335776663377776333
3|SB1|8|1|3310002231100222331042423300444253344644533546645555446455766666
2|SB1|8|1|4222000042255011422533134225533344555533455555334555555675555666
1|SB1|8|1|0000000022200031252200332542203325422003554444335564643357666633
4|SB1|8|1|0001111102011111220344112233344472244454772245546724455467774554
3|SB1|8|1|4111033341111333422253334255555344555555646655776665557766777777
2|SB1|8|1|0000005500100005201333557043535577445555777555556675755566777775
3|SB1|8|1|1000000011111000112111774421113745515577455556674556667766667777
2|SB1|8|1|1100111121111111222221132211111324411133554161637771666377666633
2|SB1|8|1|1112222011111222113322245133344455333444577777665777776677777776
3|SB1|8|1|4411111044113111241133134411133344411133744517337455776377777733
2|SB1|8|1|2224001122441113244533332245333574455555774556567447665677777666
2|SB1|8|1|0000111302202113022023330022233340222333407533334076667740777777
3|SB1|8|1|0000000100222001000200413322244133322411353444165555546657756666
4|SB1|8|1|1000000011100222131100023310022231100422365574243657744466557744
2|SB1|8|1|2222203311122333455223734452337354533377555577776655777755577777
4|SB1|8|1|2000000422211144232144443311114435617144356777445566677456677744
4|SB1|8|1|0000111100021331440233334446335346666555667655556677577567777755
4|SB1|8|1|0000011100002211400221114422233344266773444467756446677566667755
2|SB1|8|1|0000222211400002554444225444333654544436555474667777776777777777
2|SB1|8|1|2001113322213113772333334775563347655666776656767666667677777777
3|SB1|8|1|0000000150000031544020315544003355466003554463035576633377766663
2|SB1|8|1|1100000011000202113222023333222233433322334756224447562677777666
4|SB1|8|1|0000112250401122504111225041332255446666755666667776666676666666
2|SB1|8|1|1111120711444227334442273333442733664477356664475566774766677777
2|SB1|8|1|0001111201111112001112223011152233411522375515523775555637775566
4|SB1|8|1|0000221100032212033322223355664453566644555666465556664657566666
3|SB1|8|1|2222213021111133224141332441413325444113555441336655533365557773
4|SB1|8|1|1111100033311122333441243333444433344446353774663555776637777666
4|SB1|8|1|0002222200000211303322663334446644445666444455564445566647455566
2|SB1|8|1|0000001100031111023333114533331145666611455666164455661655576666
2|SB1|8|1|0000000233301022300066223303666243333662445556224444562677555666
2|SB1|8|1|0000000100002011022224110223341402253414225544445655554755577777
3|SB1|8|1|0211133302221133022413330224333322443335224663352444655577455555
4|SB1|8|1|1100000011011100111110023111122233111244311552443166524766655777
3|SB1|8|1|0000001120000111202000112222331125333441255344117766444477644444
2|SB1|8|1|1111023311111223112212231112223364222235644222756662227766627777
3|SB1|8|1|1110000011003000111134241313344413333444333534447775556677775555
4|SB1|8|1|0031111203311222333122223333226645337226455376265577766655557766
2|SB1|8|1|1111122033111224366622243562242455664424555664447756644477566444
3|SB1|8|1|0111113301011113000213330442335304443355444333354643333566477755
2|SB1|8|1|1111110011111102111111021333100244331522443335556437555533377755
2|SB1|8|1|0001115500011155020001154222013544222755666777556666677766777777
2|SB1|8|1|4111022241312222443125524431555544455775446577554466675547777775
2|SB1|8|1|0003333300003133200111530004455304445555044555550644555766447777
2|SB1|8|1|1111220412222244125524443375445437755554377566567776666677766666
2|SB1|8|1|0000111100001111302011413330144434444444343344553333465537366655
2|SB1|8|1|2220244412222244122444441223344412336646553666665777767757777777
4|SB1|8|1|0000000200110002001222220011133304411366447533364477333647777766
1|SB1|8|1|2111130322221333243333334433333344335663444556634744576677777766
2|SB1|8|1|2211144022311444233444443333334463644444636466546666665466777755
2|SB1|8|1|1111130322331333223333665273336655747336757776667777667677777777
2|SB1|8|1|1100002211110002111100223110002233366004333655743366557466665774
1|SB1|8|1|0000000003155550033325503322250033442505224225056222755577777755
4|SB1|8|1|1100022211330052113440521334405511334445113444551165555766677777
4|SB1|8|1|0001222205014222355542223555447255554677555666776566666766666777
1|SB1|8|1|2022155522211555222115552444335544443355444335576647755744477777
4|SB1|8|1|0000003324040113244443332455443744555477646755576667755766777777
4|SB1|8|1|4401111124111111244111312443333124444433222245336667553366777333
2|SB1|8|1|4442220511442225334725553347222544476625447766657476666677777666
3|SB1|8|1|0000022211020002300222223332322245333332455322224477666647777766
2|SB1|8|1|0000000011111130222233302222333044523770555577005655777055577000
2|SB1|8|1|1111000211333322133322221133322245333622455766227557662277776666
1|SB1|8|1|4221100044211100422223304422233044422300544233035442633357426663
3|SB1|8|1|2111000321111103221333332411333344411333554443335544436354477363
3|SB1|8|1|1000000012000430122044331000433311004353166044531166455317644553
3|SB1|8|1|0002222102221111002333110222435502444357004444574644777744444447
2|SB1|8|1|2001111120111111200022112002233322224443556446435566463357666633
3|SB1|8|1|2222222011122222115522273115522733556447355666473356444733666477
4|SB1|8|1|0001111100003111022233312244433322244433572264337766644377666433
2|SB1|8|1|0000111100021111422222134772111344771133447555336775333577755555
3|SB1|8|1|0001111122013161200131662333333623453336335535365555553655777666
2|SB1|8|1|1100000041100220411102224441332244444422564664227666642277662222
2|SB1|8|1|2220000012222230112222301122233311222433552444435777776355557733
1|SB1|8|1|1112202241112222441522624455226345566266445566664555666645766666
4|SB1|8|1|1114400071144220777742227777433277444432755556327775666677776666
3|SB1|8|1|6301144463001144633044426354444465555544675575546775775577777555
1|SB1|8|1|3000022530130025333302253333005543733555337555553376665537765555
2|SB1|8|1|2000000020210001222111112223344122233344655533446673334467733334
4|SB1|8|1|3440000034110020344440223344422244444242455544425576644255776622
2|SB1|8|1|1110000011111100112200032222223322244433444455354444655577466555
2|SB1|8|1|1100000011110220141100221411300244433322444353524645555266447752
3|SB1|8|1|0001111200111112000444223003344230335442333554463334444637444666
4|SB1|8|1|0000011100022113002211330042333354426633555666635776663377666666
4|SB1|8|1|0000001100001111000222213000224132222241357724413557746655777777
2|SB1|8|1|1110000022111110222000002277360024775660277556662777566622755666
2|SB1|8|1|0000011300011113002411130224133302441563044555634445656647456666
4|SB1|8|1|0001111120011131220013332443333322443533444755336747755367777333
2|SB1|8|1|6611120263331222633315226633352564435525664455556664445566777755
3|SB1|8|1|0002222100021111000227510332275133447755444477754467777744447777
2|SB1|8|1|2000555122444451322444553244455522444455624455556644575566777755
2|SB1|8|1|2111110022111113222113334441333345443333554443335546633357666666
4|SB1|8|1|2000111120301111233333663353566644555766455557664555776644577766
4|SB1|8|1|2000011122200315222203152222433522244455244444552464475566667777
2|SB1|8|1|0001133301111313002111132222153342222535422555554455577645555777
2|SB1|8|1|2200111422203114222334442333444423444444533333443366637436677774
2|SB1|8|1|0011116630131226303322663033446633335446333555563355566637555566
4|SB1|8|1|0000012200001112033000120033311543333515433535554365555566655755
2|SB1|8|1|0000000100002211040022213444255544422225742222257446665577666555
3|SB1|8|1|0000001122001110222000004422035544233355433335554466335576666655
3|SB1|8|1|0000000011122220122233201223344033333344335553443556644475566666
4|SB1|8|1|0000011103020141030224413332446633224446552244665522226657222666
4|SB1|8|1|2211150022211533222415532244155324466533446655554465575746666777
4|SB1|8|1|2222000012220030122220331115300344453033474533334775663377766333
2|SB1|8|1|1000000011100220444002603444226035444660357446607774466077776666
2|SB1|8|1|5550001152003331522433315224331155443333554633334446336347666666
4|SB1|8|1|0001111101112122000122223335222633356646335556665555566675556666
2|SB1|8|1|0000011100004111022041310200413344444443757443337774443677746666
4|SB1|8|1|0000000300010003211110332111333322133334255644442566666755566777
2|SB1|8|1|0012222200110222000002220302022733322247355277773522666755777777
4|SB1|8|1|0000222211000222411522224335522243555222455555264757552647777556
4|SB1|8|1|2111005521311155223455552234555523344557637477576674775777777777
2|SB1|8|1|0000111100033311223333442333444423775554777755556777775577777555
4|SB1|8|1|0000000020000100222111113222226633772446357724665577666657777666
2|SB1|8|1|2222200011222066332220667324206673242666732555667227566677776666
4|SB1|8|1|0000001200000112300000123311111233344442544466225444662755566777
4|SB1|8|1|1133302213323322133222221133332411133324556634447576664477766644
2|SB1|8|1|0011144201114442003144427331466677744466577444667744476677777766
4|SB1|8|1|0011133320001133245513332455533324455336277753362276663627776666
2|SB1|8|1|0000000033330001322220043335220433352444555555545555654457666644
2|SB1|8|1|0222411152224441522444435244433352264663556666667776666677776666
4|SB1|8|1|0000111102222121000222213000222230004222336022573360055733665577
3|SB1|8|1|0000122240001122403011224330311144333111644335556473555577735555
3|SB1|8|1|0000221100000211302222213322442133333441355344415553361175566666
3|SB1|8|1|1000044410233344502333345573343455777444757777747777667766666777
2|SB1|8|1|0000044402201444002014442222334422233444252733445577666477776644
4|SB1|8|1|1111000211111022111000224133300244533332755563327556662275666222
2|SB1|8|1|0000111120333131203333310043663374444663754666637444636377746333
4|SB1|8|1|0000111100011001020000010223304122223044552634445666666455666677
4|SB1|8|1|0000000000001001220311112443316154433166546661665466666755666677
4|SB1|8|1|3001112230311222333122223551444455554747666547776677777767777777
4|SB1|8|1|0000011122000111230300112333111123333144223551642535576425557766
4|SB1|8|1|2223303321223333211222354122333541433335444555556677755577775555
2|SB1|8|1|1110000411122004111222443333224433366444573666447766664477666664
2|SB1|8|1|0000000000000301200333312000031144033331745536117445666177776111
2|SB1|8|1|2223310022231110422331104623333046333330466335554463665546666667
3|SB1|8|1|4400000014400000334200023342222234445525746455557766665577776555
2|SB1|8|1|1111110122213111223331112233344526633455266377556667777777777777
2|SB1|8|1|0003333322000331222233554242333542433535424355554446665574466555
3|SB1|8|1|1111100041413332444133324443377745555777655555576666555766655577
2|SB1|8|1|1111000012111000221111002213140023334404255334442553364455776644
3|SB1|8|1|0033333300003111020033310000331105505114555551645766556657766666
2|SB1|8|1|1222000311200333122233331223335564223335642335556667755567777555
2|SB1|8|1|4111102244131122433331124447333564477355666775556767757777777777
2|SB1|8|1|0001111102001144022211443226644435664474556444745666667757777777
2|SB1|8|1|0111144400001114222001442000334425533444255536442575664455756644
4|SB1|8|1|3311220233155222311552223175554233755444337755556675555567777755
4|SB1|8|1|0011111300113313022113132211333342225333472253634725556647777566
2|SB1|8|1|1112000011222333122223331226233377764333776655537665533375555333
2|SB1|8|1|1222223011211233111122361171123641772266455772664757766677777766
2|SB1|8|1|0001114423111334233113342333333427734434257774442776646477776664
4|SB1|8|1|0000111102222221000222314022223144225333645253336455537365557777
2|SB1|8|1|0011122200221112402222224433322274443333744455537677553377777555
4|SB1|8|1|1113320011333222111132221114332211444222566444225566642277766662
2|SB1|8|1|2200001122040013220443332244333324444333244453332465555366665577
2|SB1|8|1|0002111102222211022224443222224432222445366226653666666536766665
2|SB1|8|1|2220001122220311222203312222433322444433524333335544666355666667
3|SB1|8|1|1111000643311026433311264335556643556666435556664455666677555666
4|SB1|8|1|2241111022411333244413335444136655547666555776665757666677777766
1|SB1|8|1|0000000040000210400202234022222344555522445552276452227755522777
3|SB1|8|1|0000000020055531202555312225553322445553444455554464455566677777
2|SB1|8|1|0003322200003211033032770333335743353557447555774677755744777777
3|SB1|8|1|2000004120303041223334412533444465534474655447746577777755777777
4|SB1|8|1|7001111270333112703334127333444475544644754466667746666674446666
2|SB1|8|1|3330444413000004135520443355555435557754665775546667774467777777
2|SB1|8|1|4400111144011221400022254034552544444525646665256667655566777775
2|SB1|8|1|2222200011322220133322241333362433773624577336277733762777777777
2|SB1|8|1|3300002230000221303022223333244455352244553555546555544466557444
2|SB1|8|1|4221110044211113422111134411115344115155446555554466655546667555
4|SB1|8|1|0001111102022131022221312222223647222336475777664777766777777777
2|SB1|8|1|3000000130000201333222073332777742222227444425276674477777777777
4|SB1|8|1|2111110022155110226551336265555362647757666475574644777744477777
2|SB1|8|1|0001111100000011200020112222221324444333225444335557666755777777
3|SB1|8|1|1111000013222222133222421333244433732224677752446677224467777444
4|SB1|8|1|1133333011111333122213332222333322663344255637742256777422577777
3|SB1|8|1|5000001152000313522203335544003354400006540000065444060657466666
2|SB1|8|1|0000022211113232113332321133333243377222463377573633777733333377
2|SB1|8|1|1112003311122033141220331414333744443677544436774443367744444477
4|SB1|8|1|0001111120044111200444412244443677477556777755567777555677775555
2|SB1|8|1|0001133301111333001113320114333204446222044665774446677766667777
2|SB1|8|1|0033322200032221030322443333222433322444563322775636266756666677
2|SB1|8|1|1333420213334222333342223333422255554422575554625755576657777777
3|SB1|8|1|1112203311122223121223231222233314452333555566335555633675566666
2|SB1|8|1|0000000001030000011322021113322214433552443355226473355244775552
2|SB1|8|1|0000000230010002333444023333444733344447566647776664477744444477
2|SB1|8|1|1111204613122246131222463322224622264446522646662226666622277666
2|SB1|8|1|2113330321233333222233224442232245442222554222725442677744477777
3|SB1|8|1|2222000312245503222450032224555362444457622245576644466766666677
2|SB1|8|1|0000000000310000223333002222230024422333242233532462655574666555
3|SB1|8|1|0001111120031133223333354433655546666577466665574666677746666777
3|SB1|8|1|0004444400134442033334220033444433344444554446645777446477777464
2|SB1|8|1|0211111142333331422335334426355344263353462667557666777577777775
1|SB1|8|1|0004444403041442030444423300444477044444700004547677555477777744
2|SB1|8|1|2222303311233333122222731125727364257777665557776665557767777777
4|SB1|8|1|1111002233150222331522423355244235555444377455546774444466777444
3|SB1|8|1|3333001322233113222333336622234366223344665224446622777766777777
3|SB1|8|1|2211133022144333222433336424337364444577664745576667457766677777
1|SB1|8|1|1222200012132200111322001333300013344000544444005544640055546470
4|SB1|8|1|1111111011112114112221145322244455522464577264645777666455777744
2|SB1|8|1|0000000010022044103020441130004433300004333500003335506077556660
2|SB1|8|1|5555000055510220555111205733112257736462557766665577666657776666
4|SB1|8|1|2222220214223222442233234222333344423353444446554444665577666655
4|SB1|8|1|1111000011110200111102024433322244336622445562224456662675556666
2|SB1|8|1|0000221100000214000222143322211435524444555244445556464475566644
4|SB1|8|1|1222000316220503666225336666253744662537466225776666677767777777
2|SB1|8|1|1000022211000222100033321000333311046366544463365546666677766666
2|SB1|8|1|1112000012222220222222232422233324222335244223352462555544425755
2|SB1|8|1|1111000021111100222110002221103042216330447563334475666344776633
4|SB1|8|1|1110000244130222431322664333266644455566447556664475666647766666
4|SB1|8|1|1100000211000202111102224333332244445332446555326666555576666655
2|SB1|8|1|0000005500100055211030572110305744163057411655574156575755555777
4|SB1|8|1|4111120541133255433322554433222543372525433775556677775767777777
2|SB1|8|1|2222200431322224333244443332244452222644525556645556666457766664
4|SB1|8|1|2220000023201114230014442330144423111144635551446677544477775444
2|SB1|8|1|0001111100000011220000012333033125333347253557776555777755557777
2|SB1|8|1|0000011140200011422200034220000344223333442555336477755344755533
2|SB1|8|1|0000211130022114322222143322624453226444576264445766664457766664
2|SB1|8|1|2222001122200441222204442222344422223444555534446775544466744444
2|SB1|8|1|0222223300244413222434332224333322447353644475536674773366777733
3|SB1|8|1|3111112033331122335422223554246235544462557776625777662257777662
3|SB1|8|1|0000002200130002111302223333332233333424555664445555644457666644
2|SB1|8|1|3011122231111112335141123351414473514144735444467555564677776666
4|SB1|8|1|0000221100222221002244440322444433266446552764465777666657777666
3|SB1|8|1|0111122211112252111222554344425544444225666445556644655566666775
4|SB1|8|1|1110000011110020111100203410022234402222344425226677555266777755
2|SB1|8|1|0000011300110133251111135511666355114666555444465754666657446666
2|SB1|8|1|0001111140010111420001414222004344440444474444556747475577777755
2|SB1|8|1|1000000210110022111002221311222233333334536666443337767477777774
2|SB1|8|1|1100005541111025444000253344022534440525446465556666655576665555
2|SB1|8|1|1122233011233333122223334422333344423333444777554644477566667775
2|SB1|8|1|2204455512044555122244531224445312244557126475571664775711447777
4|SB1|8|1|0001113302000113024111330241113302444433022245336727755567777555
4|SB1|8|1|0011111101111122000122220334422233354224665544446557744466577744
4|SB1|8|1|0000002200001222111115521333115564355555643555556635755566777755
4|SB1|8|1|1122220312255233112522234445522344456666455556664444666647766666
3|SB1|8|1|0001113322021133220211132222133324251533242555534455555647766666
2|SB1|8|1|3111222031111122341412223414144234441422354444427447746677777776
2|SB1|8|1|0011111100033117222333372333337722664447566647776676777766777777
4|SB1|8|1|0000001100001011202011112224333122444433557743365774443657446666
4|SB1|8|1|0001122201111222011332331115333341153333411553334445556347766663
2|SB1|8|1|2222203712442337122443771122433711244477156444475566447756644777
2|SB1|8|1|0022111150221114502213445222334455263444555634445556644457566444
4|SB1|8|1|0000001120000111200011312241113322444333624447536266675766667777
3|SB1|8|1|0001111320414113204443136443333366443353766463537766665377665555
2|SB1|8|1|1111000011111000533332005322220253334222555446664444444674444666
1|SB1|8|1|0000033702001137022013372220333724266777444665776666667766777777
2|SB1|8|1|0022211102222214022233340223334402533344065555447665544476555555
2|SB1|8|1|1222220412222224222224443333244437772444337754446667574467777744
2|SB1|8|1|0113333300111353002113550461335544613355666665556666667567777775
2|SB1|8|1|0000022201122222012222221133322241333232447333354673373547777755
2|SB1|8|1|0000011102001161222001613320046633227446357774763337777677777777
4|SB1|8|1|0001144401112445032124553322245535555455355555556656777766667777
4|SB1|8|1|0111222200011112544111225443332254443322553333225533666277733666
2|SB1|8|1|1100002211110022151122221513322215433333554336335544363657446666
1|SB1|8|1|0044411120444411222224412372444127722411277522117777766177711111
4|SB1|8|1|0000022201110222111132221333366233346662333455623555566675555666
2|SB1|8|1|0001113322000113244001332440113366444113664745736677477377777733
2|SB1|8|1|1111100011401110244000002440303022443030555633337766633377766633
2|SB1|8|1|0000000000000100222211103242111134411151333115553667157566777775
2|SB1|8|1|2200001123333111233311443333344463333444635544446655444477777444
3|SB1|8|1|1222200011222233122242331254444355544447555477476544477755555577
4|SB1|8|1|0011333300111133022263335556643355556446555566665565666675666666
3|SB1|8|1|0000111100011122003112220334442233544226335446263554666675566666
2|SB1|8|1|5112003355122233551123335544433655444366544773665777336677666666
2|SB1|8|1|2333301123333411235534442253334426556644265566642665666427666644
4|SB1|8|1|0001122203311112033112120033221243322222436622554466622544776555
4|SB1|8|1|2222033322000331244433332445553644455566474555664747566677777766
2|SB1|8|1|1111024413112244131222245332444457324664577276667777776677777776
2|SB1|8|1|2200211122222341223333443233344432333444333554445555664457756644
2|SB1|8|1|2222200032112220311442003311422053144240555444446555544465557744
2|SB1|8|1|2000001322004013222444332244443322244436257664367576443677766666
4|SB1|8|1|3122220431112444322222443222774432667744556677476666674766677777
1|SB1|8|1|2000000022111100222223302222233322543373555773735567777377777333
3|SB1|8|1|0000111422400414244404142434444422444554244465552226655566667755
4|SB1|8|1|3000001130220001303220013332000144320511422225556627775562275555
4|SB1|8|1|0111122200111112433112224433112244311125444115557775655577755555
1|SB1|8|1|1111140011444440311444523114455544444555665555556665755566777775
2|SB1|8|1|2111100422131444221333342333353477773544775555556775555577755555
1|SB1|8|1|4445530311455333144253331444555315445555155557751665775511777775
2|SB1|8|1|0000001120220011200200312222333122433311524333367744433677746666
4|SB1|8|1|0022211102222111000022113333321145533211465552217665722177777771
1|SB1|8|1|4226011142261113442613334446153344466555466655554666665576666555
2|SB1|8|1|1111130022551330424533304445533647445536477555367777753677775555
2|SB1|8|1|1100000011111300122233001224333012243300522436605444336077466666
2|SB1|8|1|4022133340221113444223334433333344434333444445336744455367775533
2|SB1|8|1|0000222200112222403322554003255544446555464467574646677766667777
4|SB1|8|1|2222200012442030124220301144403371444443715444337756643377554443
4|SB1|8|1|0000000122211111222211314442333164633111666651116665511167755555
2|SB1|8|1|0112222201111322111313627143336674443336757444667774666677744466
4|SB1|8|1|0011112201111122031311233333333344433333554455536555575366655777
2|SB1|8|1|3001111130221221302222253375552577754525774445556744445577775555
4|SB1|8|1|1113333011333222133332241733344417733344577334445576664477777664
4|SB1|8|1|3111110233311122433112224433165244433652444366554447655677776666
3|SB1|8|1|0000111101111141211114412334441163544414655554446657774465577777
3|SB1|8|1|0000001102203011022333110222231122233334525334345556344477666664
2|SB1|8|1|3311002231100022331102223300027233577774335557643555776655577776
4|SB1|8|1|2001111122011111222111113522111435244444355455443755544677774466
3|SB1|8|1|0000000010000000101132201115300044156600447556604775556647755666
2|SB1|8|1|1100044411130024113302241333224413333346133355461335555633377766
4|SB1|8|1|0022211103221114633221446633444463354477665574776557777755777777
4|SB1|8|1|0000000001002220111000203410022634400266334052663745522637777226
2|SB1|8|1|0004444102222411025524110252244355554466775556667775766677777766
2|SB1|8|1|1000333311000033220220334222553542255555677775776666757767777777
3|SB1|8|1|2000000122030311220303315223331155233314655737446777774477774444
2|SB1|8|1|0011133300001113222113135241131352444313544463335666636357776666
2|SB1|8|1|0000333301033333111333321133357711453577144555776455755755557777
2|SB1|8|1|0332222200314442033354423335554435557444375777443755776437777744
3|SB1|8|1|1111000231110222313105523331445533444445444444556446655566667555
4|SB1|8|1|2000013322030133200333374403533744555577565555575665575755557777
2|SB1|8|1|1111000522111005211140052134400523344455337445557674445577774555
4|SB1|8|1|1000000011110000444122224411233244433333554666367446633677466666
4|SB1|8|1|0011111120111333222133332244333524445555244475552677755566777755
2|SB1|8|1|1100000211102222111022224110322244103333444433354466333574633355
3|SB1|8|1|0000111100111112000212123332222233462222336665553376656637766666
2|SB1|8|1|0001112255012222550225223505554265555542655557726565557266677772
3|SB1|8|1|3111100033221107322222473362254766652547655555776665555765555777
2|SB1|8|1|2222200021212220111122201133220011533400115444405555644477556666
3|SB1|8|1|0003311103331122055334240053344405533334005533445555364457566664
2|SB1|8|1|1110113311111333122133332244373325444773254677736566667366677777
2|SB1|8|1|4000133344001133244113334443333344444433444555534666553377655533
2|SB1|8|1|0111111111114222131444221344455574444455774455557444466577745555
2|SB1|8|1|2222011122222111221111332111111341473333444735336447753377775553
4|SB1|8|1|0033111203331122003555520035555540337555663775556666755566777755
2|SB1|8|1|1110002211111002113100221333022214433222114335524443555647755566
4|SB1|8|1|1104552214444552111444521334555533344455444477554446677566667775
2|SB1|8|1|0002222240011122405511224005532244005552650555526555555266557772
2|SB1|8|1|0000111100011111221113332111134325533344775555446744544467744444
4|SB1|8|1|2221111021111111222111114221333342213333444455364747566647775566
4|SB1|8|1|2211000622211106211100062111133654443366554336665544666657744666
2|SB1|8|1|1333300211333332333222223333222273332242757662447776664477776444
4|SB1|8|1|3032222233312112333111223344414463444444664445447665554477777444
2|SB1|8|1|2000011122003311222003314773333144733351477353514677535144775555
2|SB1|8|1|0222221122222211222443336244453564444555644445756677477567777775
4|SB1|8|1|3220000133211111332211113332216135324661553244665333446655337766
2|SB1|8|1|0000033304111333042223330424433304444433046443354466655546665575
3|SB1|8|1|1110002211111002131000023333042253333422555344446557774455555777
4|SB1|8|1|0000222210222222113422271334242711544427115647771556677777777777
4|SB1|8|1|1110000011110000111102003132222233322224665527446557774467777444
4|SB1|8|1|0001111100111132001333320003533460035344600555446605555765557777
3|SB1|8|1|1110000022111110221111302223113022333334222353446665544766555577
1|SB1|8|1|3330555511322225413233254133333541443355444335554644333346433733
2|SB1|8|1|4444001144440111244400112440003122444471756667717776677177777777
2|SB1|8|1|0000000000113422000334240003344403333454336334553666644577665555
2|SB1|8|1|1000000211000002111000223114222233142442355444423555555677775666
2|SB1|8|1|0000011102222111000021113332221133362241335662413366664437766644
3|SB1|8|1|1111100011121230111222301112223311224443152544436555743377777333
4|SB1|8|1|0011122200011122041133220443322504445525446555556666555576665555
4|SB1|8|1|1110000321130333233333632433366624433336445576664557766644777766
3|SB1|8|1|0000022211100222100022421030024411352224155572446557774455577774
4|SB1|8|1|1112000411123044112233445112334451522344555533445556677455556744
2|SB1|8|1|0000333304100333044422334444233364442533644455356645555544477755
4|SB1|8|1|0022111100223111022231410232354402333554333555446777755477775554
2|SB1|8|1|1111100011111110112212004422220374222253744446557666666577766665
2|SB1|8|1|0022222130022111300222113333321135332241355524445565646457666664
2|SB1|8|1|1000000011110022412222224122223244522333555553336555773355557773
2|SB1|8|1|1000222211300226133332461333424653444446577746465744466657777766
1|SB1|8|1|0011111103111111031111120333312203334125033655550336555576666555
2|SB1|8|1|0000001130022001322221113344221734442217554444775664444744447777
2|SB1|8|1|2113300322113333221335334233355342433453444444554465555544666675
1|SB1|8|1|0000003310200333502233735552377352224733552447337576773777777777
2|SB1|8|1|5555533011115533221555334515553345557777444557774467577766677777
2|SB1|8|1|3000000133405001344552223455555534455555344555553644555566675555
2|SB1|8|1|1000002211000222100002223500022235444622355546625577466255776666
2|SB1|8|1|0000000020211000222211002222334022253444665533346554444465574444
4|SB1|8|1|0002224400002214000222243362224436655254366655543336544476665444
2|SB1|8|1|1122220341112233411222334116223344662255644675556666755566667775
2|SB1|8|1|4011111142111131422223314223333344733335447733356667555577777555
2|SB1|8|1|1333000011333500413335224336355543666655336667753366677766677777
4|SB1|8|1|2031111120311111233113112233331122211114555614445556664477776664
4|SB1|8|1|1133300013332020333322203344425563344445664444456666444564444755
3|SB1|8|1|3552220235512222355224223352442435544224555544446775544467777774
2|SB1|8|1|0444111144441441224444412222444322244433255545336565555366657777
4|SB1|8|1|0000111100044141200444412200444355774444557766667776666677766666
4|SB1|8|1|0001111100331313203333132000333350444433557444335776663355776666
4|SB1|8|1|1111000011122200112222031222230342233333444633536666555766666677
2|SB1|8|1|2224011125243111254433335544443654444466556646665666666656777766
2|SB1|8|1|0022222200011222011112220011133240033333405533334455536344576663
4|SB1|8|1|3111200433112224311224443332224453566444535644445556646455776666
4|SB1|8|1|0000001102000111020011312224333122244333255444432774446627776666
2|SB1|8|1|0011333300013355240133354444333544445555446455576466677766677777
3|SB1|8|1|0000111120033515220355552203333524433335243335554444445647446666
2|SB1|8|1|3044442230044221303422253334555533345555666675776666757766777777
2|SB1|8|1|1111000314413333144423334444433544455555664477556667775767777777
2|SB1|8|1|0000333310000003112403034114033344444633744466357474666577746555
4|SB1|8|1|0001111300012213022221132222213322472536244775662277755622777755
3|SB1|8|1|0111111211111222331412523364455536664555366645553676655577777755
2|SB1|8|1|0001111144001117440221774633515746555157466555574466577766655777
2|SB1|8|1|0222133322221335222243352444435524445555444455554464755546677775
3|SB1|8|1|0000011130220001302002213322224133522441355224443356666673555566
2|SB1|8|1|2011111120111133211151131116577311465777444655774466557744677777
2|SB1|8|1|1111110172221111723333117733331174433351743333557766335576633333
2|SB1|8|1|3330111133511221355222243352544433555544355566643577676433777774
3|SB1|8|1|0000113320001137200111372201433722414437224444576666666766666677
3|SB1|8|1|0444444400044441044442453334522536445525366675556667777766777777
4|SB1|8|1|1111022211112222122224243222244435555664375756663757566677776666
4|SB1|8|1|0000022201102222310026223002266244456666474555567755666677776666
2|SB1|8|1|7111220277112222771332227333425277344452773445557764444577444444
4|SB1|8|1|1110000022101100221114002335444022354440255554446655554466657444
4|SB1|8|1|0000033120003311230333332333344323344455234444453346647566667777
2|SB1|8|1|0004444413004444630522246355524466655544655575576666777767777777
2|SB1|8|1|2222222011122222111222223311242537714445774444556774755567777777
2|SB1|8|1|2001111122313466233334662235446622355446523556665555666677777777
4|SB1|8|1|0000331120003111200031112033311122233341226657446266577466667774
2|SB1|8|1|0001111122013551220535552255335542553555226555752266577577777777
2|SB1|8|1|0000111102001111222111332255111342255333722556337225566677555666
2|SB1|8|1|1111003312122333222233335554436354444366555546665554446677544666
4|SB1|8|1|0000000610004006100340261133406611334466333546663377666637766666
2|SB1|8|1|2222220311124003122243331226433322264337556667377767777777777777
3|SB1|8|1|0001144400001144220111142333444422366664253666666636667766667777
2|SB1|8|1|0000011102003331022033310020377704555777665755776667557767777777
3|SB1|8|1|4111111044122222411112224413222264166772644657726666677277777722
2|SB1|8|1|2000331320203113222433332244355522444455224464552446665566666675
4|SB1|8|1|0002221100221111003222210433322144355211473552117735566675555556
4|SB1|8|1|0000111120011111220111112222313124263333444633354746633577766555
4|SB1|8|1|0004433320041333244433552664333526643555566655775565577755555777
2|SB1|8|1|3311000031120000332240003324400033334044335344445556664657777666
4|SB1|8|1|0222433300224133222447735255447355564677555666676666667766677777
2|SB1|8|1|1111033314410333141122631445266344456666474555664777756677775556
2|SB1|8|1|0001122200001122004444223000442230004442777554426677744467774444
2|SB1|8|1|2111111022261133222613332226633366664633755646337766666377776663
2|SB1|8|1|0000003321011333210133332111333344113663466666534776763344777773
3|SB1|8|1|1100002210033222663322246633244465554444667544446677744477777444
3|SB1|8|1|0222222100222111222233372222377744223777422533774255367722777777
2|SB1|8|1|2222225011212555411122554113325547155555771655557716655577776555
4|SB1|8|1|0000222201101112001112223333332253334442553444447555444675556666
2|SB1|8|1|0112222211133222311333243333222433322244633325446677255477777744
4|SB1|8|1|2220001122203313220033332403333544463555444655554666555547666665
2|SB1|8|1|0000333320000113202411332224333352244333544444435454464355576644
1|SB1|8|1|2100113321111133222111132211153342255553765555537677775377777555
2|SB1|8|1|0011111201114122031145223333452233444522644445526666445274444452
2|SB1|8|1|0222444400024441555243335552433355524363775556637556663377776633
2|SB1|8|1|1110222211333322113332223333332233353542373555426737744277777742
2|SB1|8|1|1111002211110222115102223554422265554442657542226677444467777444
2|SB1|8|1|2222205511222255133222551332255566342555663335556667777566677775
4|SB1|8|1|1113300011113300122133002227333024473533444735336677555366677755
2|SB1|8|1|0000000002200331024400330224433304444443555644435756464677666666
3|SB1|8|1|0001113300000113244001632440016325444463554766675777767757777777
1|SB1|8|1|1100000011100222311500423355064235556644355566645556666476666664
2|SB1|8|1|1100000013222225333425553344455533344445344455553446755566667775
4|SB1|8|1|2200000012200030112200301124403355444443755644437556644377666433
2|SB1|8|1|0000001132200111322200153322405566624005664445556664555576644555
2|SB1|8|1|1000442211000442316604423165544466654455665555556667755566777755
3|SB1|8|1|1111220013111220133332204343335044433355444655574466555744466557
2|SB1|8|1|1100000011011100111122203333442033444222577446667744446477444444
4|SB1|8|1|2444033321140003224440336645553564445555644477556644775764477777
2|SB1|8|1|1111120216613222666132226611332264433322664453226747772767777777
2|SB1|8|1|0031222203311322003333220333222203344422035222220357266203572662
2|SB1|8|1|2222003322200031242444332444333366444333644445336645553566475555
2|SB1|8|1|2000000020000001222001112555357122455577244575776455755755577777
2|SB1|8|1|0111133300011133220113332000433320044533244455532444655322746663
2|SB1|8|1|1111111011111124311122243352222463555244655722746577777455777774
2|SB1|8|1|0000022711110227122222771335522713552247335524475654444755544777
2|SB1|8|1|0000002211111022144422223344472233434722533347225536672256666772
2|SB1|8|1|1111100113111111133322111355111133511141355151116655511167777771
4|SB1|8|1|2222444011122440551324465333444655544466775464467756666677777666
3|SB1|8|1|1444000011444000111144221311144433114444331555443555444655756666
2|SB1|8|1|3100000031110440313102403331224035512440355554443765544477655444
2|SB1|8|1|1111000211110022111000223150542255555422556554225666622277776222
2|SB1|8|1|1000000011102200111122201333332043333322763555227666522277755552
4|SB1|8|1|1000222211000022440066264333566643555666735556667775566677777776
4|SB1|8|1|0000012201101122111112241314222433344244333544443555477635777766
2|SB1|8|1|2111100022211110225551102225511342257166455577664475776677777776
2|SB1|8|1|1110000231111002311110223131144233333442555544427775444675554444
1|SB1|8|1|2111101122311111623331316223333166444333644445556466475566664775
4|SB1|8|1|0011333302211133022213330246133702463377544637775546667744467777
4|SB1|8|1|0000000000020331220233332222223346223335662255356677555566777555
3|SB1|8|1|0001133300001113021111130051133300544436555546365575466657754666
1|SB1|8|1|1113330521277335222277354627733546227735662227356667775566777555
2|SB1|8|1|0000133301111333221411132554333325544443555546435566666375566666
4|SB1|8|1|0011111102112214222224443444446434544464335546663555444677756666
4|SB1|8|1|5000111150200014522003345223334452222444552224645522266472266666
2|SB1|8|1|0333333400031114222333342553334425556647255556472575766727777777
4|SB1|8|1|0011113240011332404413224044335544443355433435554433356647336666
2|SB1|8|1|1111120211112222311111223331122246375252667755526677555266677552
4|SB1|8|1|3302222133022221332244243555444455554744655557776665555765555777
4|SB1|8|1|0000221102222113000222130222223304423335444244754644477566447755
2|SB1|8|1|0000000000200001022220012223304175533444775534467755346677773446
2|SB1|8|1|0000000120000011220000142220033422200034552300375663333755667777
2|SB1|8|1|3330022411330244133332241133333411364444133645471666644711117777
2|SB1|8|1|3333302711133227411333274133533744355337465555374655777744557777
3|SB1|8|1|1000000011100200131202001322224013222244332566443555566475555666
3|SB1|8|1|0000011103330001223003012230330122333341253434415554464455744444
2|SB1|8|1|3112202231222222332244223366642566674425677774756667777766777777
2|SB1|8|1|0000000001110002113110023333111233432222444357224643772246777722
2|SB1|8|1|0000000611166666531126665312226655124466555544665555466657754444
2|SB1|8|1|0044411104441111000412123644122266645555664455756667777566777777
3|SB1|8|1|0000000000000001200300112443306124453661247576664477776677776666
2|SB1|8|1|3111106633311266331142263334426634444266574442265744226677444466
2|SB1|8|1|1112223012112233121222232222223344444233464655554646775766666777
4|SB1|8|1|0000000102000101022401113234011133344444333444453677755536777777
3|SB1|8|1|0002244400002441300224443300222435522244335544446557747455777774
2|SB1|8|1|1111100011111233411122334111122341144233444445336444455366744553
2|SB1|8|1|1111000011212220112220001552203374522223755255237555536377753333
2|SB1|8|1|2220000122204001232440043322444432224444252766642227766422227444
4|SB1|8|1|1112200011122220111122201132222243322222434277754446767766666677
4|SB1|8|1|3111111033341220333411223334444633444446354544667555666677756666
4|SB1|8|1|0033111120333131222333312522337125443371255663775566677766677777
4|SB1|8|1|0112224403111224033312240033142450534444555333465333334633766666
2|SB1|8|1|1110000312333333222335552425357544255575466555774666557746655777
4|SB1|8|1|0022222202222111022243330005434300554446005574465555746655777666
2|SB1|8|1|0000111120011111220011314670113146703333467733354667755566777755
3|SB1|8|1|1000000015552040355524403355444435577774775776767777767677777666
2|SB1|8|1|2111113022221133222255332222533324525533245553334446663347776663
2|SB1|8|1|1111112033311522333115227334455277344452744445527766665277766662
2|SB1|8|1|1000555510222225002225557334225573344445764455557677777777777777
2|SB1|8|1|2222024412222244122233441123336452233664557666645776666457766664
2|SB1|8|1|1100000011111000111110021133302214333222443552554336555577666655
4|SB1|8|1|1111203311112233111123331222223354443333555443337554636374446666
3|SB1|8|1|0000000011022200410252204122555341422555444626554466265547666665
3|SB1|8|1|2200011122221171222221772223377733334477563337775633666766666777
3|SB1|8|1|0000011100202111222222112223221133333241353334445536667455366777
3|SB1|8|1|1000000210000022111000221113222244433322464552256666555566777555
3|SB1|8|1|0012224401111224000222243002224433333244335366643377764433774444
2|SB1|8|1|1222220012333244333332246333544466555547655555576657777765557777
4|SB1|8|1|1000222311002233140222331400233344442223574462335776666677777666
2|SB1|8|1|0111122211112222322222223322242235244444355556645566556477766666
4|SB1|8|1|2211110022331111222351112233554423335554555554445655557766666777
3|SB1|8|1|3300000033111000333311024333112245531222445111227555566677555666
2|SB1|8|1|1222244011122244531322445333244455555744555777746557777455777777
4|SB1|8|1|0000012200011122000112220300111233333142333555463355444677774466
2|SB1|8|1|0000000103331011022311162273166644731166747356667777667677777777
4|SB1|8|1|0000111102201221002022222222223242523233445533336655773365555777
4|SB1|8|1|1111110231111112333333224443332244333322444355556445577766655777
2|SB1|8|1|0000002210030022444300224333332244455322444455524446675266666752
2|SB1|8|1|2211110022221111244244112442443124444331257446332574463377766663
2|SB1|8|1|1111111033111114332341443333444735677747356777475566677757777777
2|SB1|8|1|1122200011212244111124441332245411335554113556641333556433735666
2|SB1|8|1|2111100322213333223333332233333322253344255534442575564425756644
2|SB1|8|1|0111111103333111222311712333777122377574222275772267557722777777
4|SB1|8|1|0002411100024441000244113322444132244444332745556777555566777755
3|SB1|8|1|1111002211312222113142423334444235555546335556663355555673566666
1|SB1|8|1|0000224433001224300044243044444433346646753666667777666677777766
2|SB1|8|1|0000111201111222000022226370022263740552677555526677555266777755
2|SB1|8|1|0000000050110000555114243357144433571114355714446557444465777744
1|SB1|8|1|2211133022111333422113334221553344275533477755536777575577777775
2|SB1|8|1|0111122201311152333111524333355244435552443355524766655247655552
4|SB1|8|1|1100002210044422111442221444325214444255664442256666455567555555
4|SB1|8|1|1111110022111330221213302222333333333334577733445577766677777766
4|SB1|8|1|1000000011120000144220001344220233342222334422256645555564455575
2|SB1|8|1|0001113300044113022433330244333322244333252444335566333366677733
3|SB1|8|1|0000111102201001222000012323511123335411222555552627755522227775
2|SB1|8|1|0000004513000045332240453332444536644455366644756676647566777775
4|SB1|8|1|0000111120000111220045512244453522244555644445776444777744447777
3|SB1|8|1|3000001130440011333402223334442235334222353344425555446277444666
3|SB1|8|1|4444440011114000552244005222244352777444555774446755774477777744
4|SB1|8|1|1122207711222077313222773336444736666447356444775566444756644477
3|SB1|8|1|1100000031010022311102223400002234400025344460553364605736666657
2|SB1|8|1|3011112233551222355544423355444473554646775446467555766677777666
3|SB1|8|1|1111122077112224771322247513266475533644755636647556666477556664
2|SB1|8|1|1122023311422233144223331444253311445553614457536444773367777733
3|SB1|8|1|0000001700003017020333370333553743355337446555576665777767777777
2|SB1|8|1|0111111211114122311442263334526635545566355555563557556677777666
4|SB1|8|1|1111220011122202111112223131122233344444377445456774555567775555
2|SB1|8|1|0000111104422221044223330443337344444673544446776666667766667777
2|SB1|8|1|1110044411122444131123441333334411133444151116476661664766666777
4|SB1|8|1|1000222211000222100222321100233245503322445555554766556577766666
4|SB1|8|1|3332002231322022313522223135522243335522443335524436755266667752
2|SB1|8|1|1100000211112222112222271111377745511777465577776655557765577777
2|SB1|8|1|2111133022413333244443334444463354554663545556635557666677776666
3|SB1|8|1|1110000033111000311110023133334433333544333555467355566677555556
4|SB1|8|1|3320001132222041322220443332004735526447355266775555666766666677
4|SB1|8|1|1110000211111002111330421133344213344422133475556344777533344775
4|SB1|8|1|1000000011100000112202003332222046332222466775254466755544777777
3|SB1|8|1|0000111200111222000144423311442233144477566444775666777766677777
2|SB1|8|1|1222204411122444122222447733244472222444776524447666666476666444
2|SB1|8|1|0000002211002022100222221402322244423666444336554463665674666666
2|SB1|8|1|1100000011122220312242003444450544445505444555056677555577777755
2|SB1|8|1|1100000011111110211444002153544025555440225555406655774455577744
2|SB1|8|1|1333222011333322111322274463332746655527466555774465655746666577
3|SB1|8|1|0000000001000000111302021133322241443332444435226455555267772222
2|SB1|8|1|0000000201013222111132223333322243333322445666627756662277666666
2|SB1|8|1|0000033311110053211105536665555344665555466655774666555746667777
4|SB1|8|1|1111000211100202113302021332222233442222336444523367455566677555
4|SB1|8|1|0000011100000113222001332220033344222233444447536447775544447555
2|SB1|8|1|6200033162223331626233356665355546555575466675774446777746666777
2|SB1|8|1|1222220011242206444425563444456674454556747555567475565677775666
2|SB1|8|1|0111111111113111332133313333333133345531444475334674755377777555
4|SB1|8|1|1111100044411122443312224333333244433355466633354466666574666555
1|SB1|8|1|0011113305122133055222235556626345566663555555667555666677776666
2|SB1|8|1|0044444400004441020441112222443366444337664445376664477766677777
2|SB1|8|1|0001111402221114000223140333334403333444653633446666634477666334
3|SB1|8|1|0000111100111331211111336144413364447133644477536644755367777733
2|SB1|8|1|2000000320001103220113332201113344414333444445336477753377775533
4|SB1|8|1|1111122033312266331122267333442673444466757744467577746677777776
2|SB1|8|1|4440111142444511222245512444455324444553444555534466333346666773
2|SB1|8|1|0011112266134112633344426663444465655544655555546665557765555777
2|SB1|8|1|0112222451112244511112445135122455551444677554446674444467777774
3|SB1|8|1|0001111101111131000211330222444322444333255443776554477755777777
2|SB1|8|1|1111110024444117224411172244113724441557664455576444777767777777
2|SB1|8|1|1000222211033222010332220000332240403352444035524746655247465555
3|SB1|8|1|0000111100000111303221113332444435554747555447776557777755577777
2|SB1|8|1|0001222201111122005441220354442203554442333544423444464437744664
3|SB1|8|1|1111140213311422113334223334444233334422335544726557777755555777
2|SB1|8|1|0000000100220001442220113422211134445551333355513637775533375555
2|SB1|8|1|1111101121131111243333554444355544444475464777754666677566777777
2|SB1|8|1|0000000120200111222111442223314422335444225554446555444466667444
2|SB1|8|1|0112222501112225441123254413335544337555447775774667777746777777
2|SB1|8|1|3112222035111222355112423555444433544664555444665444446655474466
2|SB1|8|1|1222220011112203412223034122233341442333444555337445666375555533
2|SB1|8|1|0000011122003311422003114420033144443331574636315766663377663333
2|SB1|8|1|3333300361113333621113436111334466115344655553446566534466666337
2|SB1|8|1|1100000311400003144022031442233344442233544333335544633357766333
3|SB1|8|1|1100000231104022331040223354402235544224355544445556666475566664
4|SB1|8|1|1112222011111222331112223311142233114422351544446555744766557777
2|SB1|8|1|4111110044131122443331124433333534433335333353556666555577777555
4|SB1|8|1|0000411100334411303342213334442237747425337774556337775533777777
3|SB1|8|1|0004411300041133200461132444673322446773224667752446667722667777
2|SB1|8|1|2222113021111133222511332275153347755553467757534677775777777777
2|SB1|8|1|1111420213144222131442523314225536644455666644456666655566766555
4|SB1|8|1|0000011123000001230300002333344026644455266667572226675726666777
2|SB1|8|1|3333333011111330211333334411353364415557665155575655577755555577
2|SB1|8|1|0000000102000101223311017433311174333566775535567555556677775666
4|SB1|8|1|3330021130002211300222113334222233342222544442225747666657776666
2|SB1|8|1|2220000044222100442441304444433344444353445553534656535366665557
2|SB1|8|1|1110000011100320131003203333332245373332555736325777763257777622
3|SB1|8|1|0222211152242141522444445224433452224366557233667777777677777777
4|SB1|8|1|0000000100004011202440012223441122334441725333467277344677773666
1|SB1|8|1|2222220012233200333322043333220473552444735555447775556477555544
2|SB1|8|1|0000111100011122001131220011332205333342055444445555666457556666
2|SB1|8|1|0000011100040121000402210334021133344411754464617544666177466111
4|SB1|8|1|2111100021331304233333043333344433666647556666475666667766666777
1|SB1|8|1|0022111450224414502244445022224350224443555333435666633357666333
2|SB1|8|1|0111111504441335224443552444533526455555264777572666775766677777
1|SB1|8|1|2111333022113333421333354313535543335555444457754464447544777777
3|SB1|8|1|0000000010010000111106221131162633344666533444665744644657446666
4|SB1|8|1|0000222211100002100022221100322244403225440052256775555567777755
2|SB1|8|1|1111222011122222311112223311222263512422665554226555542265577442
4|SB1|8|1|0001442201114442000334423333334433344444533334445536664755667777
2|SB1|8|1|1000000011010020111111203544122055444220554446607544666077746666
2|SB1|8|1|0000000100200011002200013222221133422211344556613344766633777766
2|SB1|8|1|0011113304411133044213330041133344441333544443335447463655477666
2|SB1|8|1|3224100433241144322441443377444657777466557774465777766657777777
2|SB1|8|1|0001122200011122033112220333111203331144335744446357777477777444
3|SB1|8|1|1111222013311122113111221133314451353444553534445555646655766666
1|SB1|8|1|0000111100111117222551175235547752554447555554476665744765557777
2|SB1|8|1|2200111122111111222222113221121134241111344411156644775564444755
4|SB1|8|1|0002222200002221005042243050424433544444665577746677777467777777
4|SB1|8|1|0112225500112225001224250332442503444445334455557333565577336655
4|SB1|8|1|0001111201111222001222440013222400533444055344440555474605577766
4|SB1|8|1|0000022200001112301112223311111233314122574444265744466657766666
4|SB1|8|1|0000000011100020100000221130222211352442333566443555664437554444
4|SB1|8|1|2220001122230011442337514433375544337775444777756447777744477777
4|SB1|8|1|0000011100000111000200013042222634444666334555663345666677455556
3|SB1|8|1|1330002211333022113222241632422416444444166555441666554476666554
3|SB1|8|1|0000011100004411220004112203444125334341555333416555574755577777
3|SB1|8|1|4000011140111111422711114457731144573333745766367777663677776666
2|SB1|8|1|2000033321100333210055531147753311447557444777576647755767777777
4|SB1|8|1|3000011130020111330222216304221166444771655447716544771155477777
4|SB1|8|1|0011333320211333202111332021533322215554225555445655444755554477
2|SB1|8|1|0003322211113322144333221443322514437555443377576477777744777777
2|SB1|8|1|1100000011100000141300021413332214443326574333365743336677446666
3|SB1|8|1|6222011162322314623333446223333466223734666537446775774766777777
4|SB1|8|1|2222021142222211444233134442333345443666557436665774777657777666
2|SB1|8|1|0111111102413133224133332441133522444355627743556667335566777355
2|SB1|8|1|0000000020000001220030117753301647533336475563364775636647756666
3|SB1|8|1|0000000000113222003332770043337704466677044666574456655745555577
4|SB1|8|1|1222200311223333411222364442333654522666555566665576666677766666
3|SB1|8|1|1100000011111000111110021314102213144022155542226554442255577722
4|SB1|8|1|0000011100111121000001223304412233441122533446225774466257777766
3|SB1|8|1|0000111100201313202113332224335325545353555555536777555577777555
3|SB1|8|1|1111111031111122311114223111145533344455644445556647455566677755
4|SB1|8|1|1110000211102222111022221333222233344462337544673775466733777777
3|SB1|8|1|1111033312222333222223332263335722645557666455576644557766777777
2|SB1|8|1|0002222200022112030222123333211277334142574444427746644277666442
4|SB1|8|1|2222100022211113222221332241113354461333546633335476633357763333
2|SB1|8|1|0000000004011302441133224411132244461332555663225556332257566322
2|SB1|8|1|2111110022221111222233112222233122233334255563345556633477777444
4|SB1|8|1|1000003311300332773003327333333374443553744433537664555376555533
4|SB1|8|1|0111333301211333002333534025555344466657466655576656657766555577
2|SB1|8|1|4444444031442540344425553455557534456577346565773466657766677777
4|SB1|8|1|0112222200111122333412223334122433344444663574446677744467777444
3|SB1|8|1|0000011100000001000021110302221133332244555324445766664457766644
2|SB1|8|1|3311100033311110333311223333114233444442334555523444555677555666
4|SB1|8|1|3111120033111222331111123661544566665455666555576667757767777777
2|SB1|8|1|1111110512222225122275551327755533274455367745553667445566777555
2|SB1|8|1|0001111102011111020111110222213305555443555533336555533365577333
4|SB1|8|1|0003114420031114223333743233777433377774663375447673774477777444
3|SB1|8|1|0011111100111331244411314444333344343355743333357476665577775555
2|SB1|8|1|1222220212522222335666223356666633554666555444667544666677776666
4|SB1|8|1|1122000311220033112220331122200311424433614444556166447566666775
4|SB1|8|1|1111220211122222111222221132222244333222443665574466667744677777
2|SB1|8|1|2222003321224003252243336554444365547444655477776644777744477777
2|SB1|8|1|0001111100110111000001223004412250004112550441125774446255777666
2|SB1|8|1|1110000011133020111330221153542415555424155554445555556457666666
4|SB1|8|1|2200011122200144332344443333345536634455366377553633775566667775
2|SB1|8|1|1112200011222333414423334444433344444353466453536666555567666555
3|SB1|8|1|0000111132204411332446673334466734444677554476775447766757777777
4|SB1|8|1|3331000533110205333112253341155533444575336647753666447733664477
2|SB1|8|1|0000111103401111034441123341114234444442344445443645554736555777
2|SB1|8|1|2200011122003111224433316443333166443555664433356664553576666555
3|SB1|8|1|0011112201112123001122230422253344452553445555335555566375556666
3|SB1|8|1|1333700712237777222335572422335724553557245555772444567722445777
3|SB1|8|1|2221111022231111233335113333354433555544635557746665777465555774
2|SB1|8|1|0000111100201131022113310233331122443566275555662777766727777777
2|SB1|8|1|0001112200111222001142223333444233334442753364447563664477666666
4|SB1|8|1|1114400014444466111344621133466653344446553336665333776657777666
2|SB1|8|1|0003332710033327005333274455366744456667445555675455766755577777
3|SB1|8|1|1002233310223333122222231426627344226677442265774666667766667777
4|SB1|8|1|1100000211111202111122021131122215333242555632445556644457776644
4|SB1|8|1|5500011155502113555022335500423357044436577746665557466677777766
1|SB1|8|1|2000336622200316220033360000366604403366543333664433666647777776
2|SB1|8|1|1222203311122333141223224422333244422222647772256477722744447777
3|SB1|8|1|0000022201000027033303274443337744433577445555576455575755557777
2|SB1|8|1|0332222203314422034442263344446633474466555744465777446655777666
2|SB1|8|1|0002111400222214032222443322444473724754737247557674477577777755
2|SB1|8|1|0000022200111112033133220333342403333444773533446775444477755555
1|SB1|8|1|1111055511133555111335521133335514335335443355354463755547777775
3|SB1|8|1|3221100032211100332211003331144035334440355554446755554467755555
4|SB1|8|1|0333333300003311002023330022223302224433655544436667744467777444
2|SB1|8|1|0244411302241133002441130224413302244463222444652224466577666655
3|SB1|8|1|1111032215111322151333421533344255563344556636665556366675566666
2|SB1|8|1|2221111022311114223331143233344433334444353544443555464437554666
4|SB1|8|1|0000222211304442133334426333334466533344655733376577373755777777
3|SB1|8|1|1122200011112220111222231142223314442333144444531644555766667777
4|SB1|8|1|1110000012222555132255553322255533344455337747556667775567777555
4|SB1|8|1|0000000201102222011144241134422411344444333344453377655577766555
2|SB1|8|1|0000022200000221003222210332322143333221433555714366757744777777
3|SB1|8|1|0000000001002200111122503441125574442225746622257466622577766625
4|SB1|8|1|0000111100201111202011112225113142251333422556634445556677555566
2|SB1|8|1|1100000310000023100202231002023314422253144225536644455366666557
3|SB1|8|1|1111120011111220112222005522233355225344555553345565553477666664
4|SB1|8|1|3330002213330222333304263533446655554466575446665764666677666666
2|SB1|8|1|3333333031133200115332221153333245553222465537276655772765577777
2|SB1|8|1|0000222201001252011115520431335244333355467335554673555547775555
4|SB1|8|1|4444001142200013422222134442233344422235774222556777555577755555
4|SB1|8|1|0222444400222414022244443322446433322464555724645577246657777766
4|SB1|8|1|1100555511112555222222553222422536244725666477756664777766667777
4|SB1|8|1|3331110033111220333314203331144033544400355544475556666755567777
3|SB1|8|1|2220000011220033122200334222203344462223444656224446562674666666
2|SB1|8|1|0000000102000111022200013322011163300041663504446600004466777444
2|SB1|8|1|2200011125333331255333335553336344536663455566634777776347776666
2|SB1|8|1|0033115523331155222333554223235546222255666662557676777577777775
2|SB1|8|1|2111000022111133422433334424666344444566444555564445556644755556
4|SB1|8|1|1000002211110002113000021133302244333555643335556553555765555577
2|SB1|8|1|0000000044000001424333114443331344433333664557776444777744477777
4|SB1|8|1|0222441300244113522244335524443455447444555774665777666677777766
3|SB1|8|1|1100004412222224322224443332244436322444366754443367774466677774
3|SB1|8|1|0000111102001001222000012224003122244333554444635555566375556666
3|SB1|8|1|0022111152221331522223335222233354422633542226375426666754666677
3|SB1|8|1|1111110031221110322222503335255035455555755557557757775677777556
3|SB1|8|1|0000022200222221000021110400223304442533444445534664453366774553
3|SB1|8|1|0222211200321122003222250333232504533325045535550475555644755555
2|SB1|8|1|2222240411124444111224443311444431114464311545643315556637556666
3|SB1|8|1|4400011144223313444223334222335546663555666635556666656677666666
3|SB1|8|1|2222203311112223142222331423333314443356145555564444455647445566
2|SB1|8|1|0001111100411111004422113004222236644552366644523666555237666655
4|SB1|8|1|2110000022110000221003002211333324443433577444435776664377777733
3|SB1|8|1|1111302213133332133333324433533346555555765777557666775577777775
2|SB1|8|1|0000002201433002114300221143355214435522114355256755555567775555
2|SB1|8|1|2000001120020111222233312223333145557711455571114657771144777111
4|SB1|8|1|0111333300111333422133334224353344444533745555337455663677555666
3|SB1|8|1|0000044400100004203000042233300466350044663555446635444765557777
1|SB1|8|1|1111130623313366243336662433366624433366245555562444566627445555
4|SB1|8|1|0011222200011222111122227111132274133332755535667555356677755566
2|SB1|8|1|3311111033111111333422223534277755547777555557775656667756667777
2|SB1|8|1|1222224012422244734442447334444473344555736645557666655577655555
2|SB1|8|1|1111013512211135222333354423335544233555466377754466777546677777
4|SB1|8|1|0001111133111111233114412233141162334444667335446673554477777544
3|SB1|8|1|0004444455004144255034445550334475553334755553447553336677533666
2|SB1|8|1|3224000133244111332444443544477735544777355777773366777766677777
2|SB1|8|1|0011111120213331222443352224433544444535444445354674753547777555
3|SB1|8|1|0002211104002221442221114422331744333117445351176455557755577777
2|SB1|8|1|0002211100221113002213330002223304552333555553336655773365557733
4|SB1|8|1|0000001122200013222000332222033342233333444455557664655577666655
2|SB1|8|1|0011111100013313020333134233333344435336745556667755666677776666
2|SB1|8|1|1111003311111333241563362415633644156366471566667775766677777666
3|SB1|8|1|1111002211333002113330221332222233333444333344456666664576444444
2|SB1|8|1|3300000033310220353300205543302254466622556622226666662267666222
3|SB1|8|1|0001111700001317020333770003344755555477655555776556657766667777
4|SB1|8|1|0000000000222231002333330023333604233336444536664555556647777566
2|SB1|8|1|4000000040100220442222206455553564577555655575556557775555557775
2|SB1|8|1|2110000322113333225553632245566342456666444556664455666674455555
2|SB1|8|1|2200000032000401322334043333644453366444555644445556644477556664
1|SB1|8|1|0000111520001155220011152233331522243315223337756273337777777777
1|SB1|8|1|1220000011222250222222503422225074442550774422507444625577775555
3|SB1|8|1|2111111022211111242255534425533345556636775576667757776677777776
3|SB1|8|1|2222000011120030111222331111122314112233744523337745563377555553
4|SB1|8|1|0044441100044112034444220333345533364455363644556636645576666555
2|SB1|8|1|1111025511211255112222551222235542223335626335556667777567777775
4|SB1|8|1|0111133300001132000033324443366644443366444453667747666677777666
2|SB1|8|1|2222333011123233441222234111232344443323444453334647773366777773
2|SB1|8|1|0000024410000244110302241003424450044444550466445666664466776644
4|SB1|8|1|1100222210022442132222421355244213352242533552445665544455555447
2|SB1|8|1|0000022210022222000022420333344203353442753544447555446477554666
2|SB1|8|1|5211100052111110522211105324414053544440555744006557400065577000
2|SB1|8|1|0000035500001355402113554033337540333775000337750666375566677777
2|SB1|8|1|0021111102221331022233330223335347775553477755534667555566677555
2|SB1|8|1|1111330211113302411133224113332241113527444155276465552766665777
2|SB1|8|1|0000000000000001303221113335211133355441333354113666644177764411
2|SB1|8|1|1111100055111120551111245513114453336664555366665576666657766666
2|SB1|8|1|0011113300111113002241330222411302524433055543335655773355577333
4|SB1|8|1|0000000100000011224000114240011344440133546444375664444756677777
2|SB1|8|1|1222033311123333441233554212233542225555555555555567555577777755
2|SB1|8|1|3333304411133444211134741113377466633744656337776666337763333337
2|SB1|8|1|1111111012212114122222243525242435255424555544245777644455744444
1|SB1|8|1|1111110013333000133350203333504063755444677577746677777767777777
3|SB1|8|1|1122200011232222111324441333344413633344536634446336333466666674
2|SB1|8|1|0011122201111222003117220333477203434677544446676666667766666777
2|SB1|8|1|4000111142200013442031134220331344505313455053336555533365553337
2|SB1|8|1|2222011122233116253311367553333675534466755444667555466677554466
2|SB1|8|1|0000011134044411344442113344411144414151444111516444155567741555
1|SB1|8|1|2200044412220434222000342220033455505434755054447755556477555554
2|SB1|8|1|0011111100111111200001112033111120354441225554412666441166777711
2|SB1|8|1|0000002211110002411000224413335244135352466355524462225274666222
1|SB1|8|1|0331111433312214333327443333777433333774556637745666774466777777
4|SB1|8|1|3111122033112225334145253444455566545555655555576675577766777777
1|SB1|8|1|2111130322211333522516635555563355554663575566665766666677666666
2|SB1|8|1|1111100122111111222111413221144131114444311775743667777437774444
2|SB1|8|1|2220000011220000122224401235444055554400555544445677744477777774
2|SB1|8|1|0000222200100002111000021311000013144446331546463311466637777766
2|SB1|8|1|0221113302222113002211335002333355024333555543335664463357666633
2|SB1|8|1|1111002231222222332224443332246437352664375566443756666677566666
3|SB1|8|1|2222110423331114232333442223344452574464525764645557666477777766
1|SB1|8|1|0001112203331122003332220333322243333222444335223643552733333557
2|SB1|8|1|3333302211332222313332223334334433344447555544775657744777777777
2|SB1|8|1|1000000011100300211333002133433322554433225553336655773355557333
4|SB1|8|1|3301122233331112333331223633334436777554367755556677575577777775
3|SB1|8|1|0000000000103224001332440033224400055446055555565556655657566666
4|SB1|8|1|0003111100333121403111224433222544372255433722556377275566777755
1|SB1|8|1|1333302213333222663333326333343463335444655355776655557777777777
2|SB1|8|1|4444000044222051442200554433300544443335464663554646633576666665
2|SB1|8|1|1112000011122204111112241132222433333244355532363375333633773666
2|SB1|8|1|1122220411111244113142241134444417334554177344556773455577774555
2|SB1|8|1|0000011122200001220000112220073155644731566677336676773767777777
3|SB1|8|1|0122222201112222333112224433322244435552463337576633777766337777
2|SB1|8|1|4411000744411107224444372224743724447777564477776666667766667777
4|SB1|8|1|0000022211000222130022221334442211344442113344457766445576644455
2|SB1|8|1|0222111142221331452333334553555344555555455577554666777566667775
2|SB1|8|1|1112200011112224111222241322222413322224335522445556664755555777
2|SB1|8|1|0000000014422250344222553342555534445555344444453444644537766445
3|SB1|8|1|2221111022111444222311142223644422226474555664775556677755567777
4|SB1|8|1|2230111123331111223114413333544433555444633555446637744467777444
3|SB1|8|1|2111110022123333222243335525444355554477665555776657755766667777
4|SB1|8|1|1111122031411222314122223341555273445222734555527346522277755555
2|SB1|8|1|1100000411110344251333445513344455134446555333667553666677666666
1|SB1|8|1|2211110321113133225533336655377346653773666557776666777766667777
4|SB1|8|1|1110322211113226131333261333222633334466577744467744446677777466
2|SB1|8|1|1000000311111333122223331225533314455533144455331665555366775333
3|SB1|8|1|1110000411110044111004423110004435555447355667773655666736666677
3|SB1|8|1|1112222011112533112125534122253341555553445555537456655377666663
2|SB1|8|1|5000044455022441550024435504443375544463756666637577666677776666
2|SB1|8|1|1222000012222200111122231112223314442333144566331746633677776666
4|SB1|8|1|0001111100001111220061112330666627506446275544662777446477777444
4|SB1|8|1|0000122200011122000011220311111203334452033447550666777507777555
2|SB1|8|1|0000022211133352133333521333335513334445634444556344777767777777
2|SB1|8|1|1000000011111102151111021533312255444422555442225556444457666644
2|SB1|8|1|2000011122222151222224553222245533524455655555556556665566666755
4|SB1|8|1|1110000211333302413332224435366674355666743355667336566677766666
2|SB1|8|1|1112044411320664133266441366664611177646515766665557666657777776
2|SB1|8|1|0222111122222441222234443333334675354446755546667556666577555555
2|SB1|8|1|0000001100000111020001734444117345471777455717764557776645577776
2|SB1|8|1|0003222210033352403335524003355544035555000355556006655566667755
2|SB1|8|1|0000011120011111200133112001333320411533224155532445556624455766
2|SB1|8|1|4222220341222223422226334556663345666636455666667555666677776666
2|SB1|8|1|0000002211300042113000421330054413505544335055546355554466666774
2|SB1|8|1|0000111100201213002222330022533340555333467555534675533344775555
4|SB1|8|1|2220001122220001222200314422533344225333444455776446655766666577
2|SB1|8|1|1333222013332522446355254663555544665555446557554465577566667755
2|SB1|8|1|0002222210000022455533224555533344455766455577764777766647777766
2|SB1|8|1|5551123051111233541422335444423355474666555777665755766677777766
1|SB1|8|1|0000000510030005111332051113555514165555116655557766665577755555
2|SB1|8|1|1000002211100002111002223330000247300022473055624733566247777222
2|SB1|8|1|0000001102024111022244310002243160004433650664336666643366644437
1|SB1|8|1|1100000011102000100020001220200314222233112553337225536377555533
2|SB1|8|1|2000003322220331202003552000035522045555227454556774444577777555
2|SB1|8|1|0000000000110002000110321111433311144366555543365557776655557776
3|SB1|8|1|2220013322220113424201134242013344420135444771154777665547777665
2|SB1|8|1|1111100011112223114222331442422344444233554444637544446374446663
4|SB1|8|1|0002233310002333111022234110233344442233454442335544673766666777
2|SB1|8|1|0000000001110022110000023544220255444222555442225566722266667722
4|SB1|8|1|2205555520021555222213554222335542233555663355756666777766777777
3|SB1|8|1|2000000122201111322011113323111143333111443335514446675546666777
4|SB1|8|1|1110000021111000222112003222220032244200334444503644475566444755
2|SB1|8|1|2311130023133333233373632433766324437763245557665555777655777777
1|SB1|8|1|1440022214440222447400324474033244700522477055554770006577777555
4|SB1|8|1|0000331120033313222333132253533344555533464555554645557544455577
2|SB1|8|1|0002222210000022003333243333344437734444337344456677554567777555
2|SB1|8|1|0000222410022244005244463354444635557746355557463757576677777777
3|SB1|8|1|1133330011333220111322206613372261157724655557276577572755577777
4|SB1|8|1|1222022211222225112222253222225533242757634447576667475766777777
3|SB1|8|1|1122220211121222111112221111222314652533666555536777553366775333
4|SB1|8|1|2200011123330551234455552334555523444555234775552644775566477775
2|SB1|8|1|0000111100101212011112220333112204333662443336553336366673366666
3|SB1|8|1|0001111102011133220133332544446355477466544776667777766777777777
4|SB1|8|1|2220000412220004122224443323446653334466535446665557466657774466
2|SB1|8|1|2222000042221333425233334255366344553666555776665555766655777766
4|SB1|8|1|2001111122011444222111142233114433311444633555446335444466554774
1|SB1|8|1|0003333300031333202333332022433320244433222444532267777366666677
3|SB1|8|1|3110000633112006311222663512466655444466554446664444666644744666
2|SB1|8|1|4441100044111100441122024461322246665555466657576666777766677777
2|SB1|8|1|0000111102000117422221174331111744444417455471176554777755447777
4|SB1|8|1|2220011152220141522204445223334455225346555553465557536655776666
4|SB1|8|1|0000003120000031200000312203333122333644225366645553666455776664
4|SB1|8|1|3311000231100022331042223350422265544422665554226557777255777222
2|SB1|8|1|2100000421110004221304447213344472334444757364447773664477744444
4|SB1|8|1|0021113302221113022223330552223304555223446755234667533366777333
2|SB1|8|1|0002111100021114022233140023344400034444005333445555334655773666
2|SB1|8|1|3330333411333344122233441233333422334444222245247672222477777774
4|SB1|8|1|2000515522005155235555552335557533364575353655755566557755555577
2|SB1|8|1|0000000013300000133000201133002214330222143352226467772266667772
3|SB1|8|1|1111105513141025131444253314455534445555346444557464775577777555
1|SB1|8|1|0000000003011022030122240311444433114466335777763777666633776666
2|SB1|8|1|0000031122023311222231115444331155543111555631165566361657666666
2|SB1|8|1|0011111101111111021211112222223122433336544433364477333647777766
2|SB1|8|1|1112222011122333144233331444443355564333665643366666463676666666
4|SB1|8|1|1222200011112200111222331112444311444333555444376555553766666677
2|SB1|8|1|3331112031111124333312243353124433511244355112245557666455776666
3|SB1|8|1|0000001160022001630022516333255164665511666655516767511167775551
2|SB1|8|1|0100000001002000000022203333326644532226475526667755226677722666
4|SB1|8|1|0001111133000211333522123555522255555462575777665757777657777766
2|SB1|8|1|1000000210002222000002263303006653330466553444667534666677744666
4|SB1|8|1|0000112203331442333364423356644435566444335566443556664437555666
2|SB1|8|1|1111000011111200111222051222333542233355466363574666635746666667
2|SB1|8|1|0000011100041111022411113324411135264411355671113666771177777771
4|SB1|8|1|0000222500000215000222352222333524433335244355552466655566667775
3|SB1|8|1|1000003310120023111222231111223311142333144423751647237766677777
4|SB1|8|1|1111100011131110233300102223300022433350444435554466556577766665
4|SB1|8|1|2200111322001113221111132114111322241417524444475246474756667777
4|SB1|8|1|0000333300001113442111334111553547715535447115556677175566677755
2|SB1|8|1|1000004411100444111332441333444433366444553666445733666457366666
2|SB1|8|1|3331110233311222333333227734442475646444756666467567664677776666
4|SB1|8|1|1111110311133133112331332222333344222263455566634775556647777666
2|SB1|8|1|4444111044111111411233134555533344455553445553337555663377776666
1|SB1|8|1|1100000011111000111412003514422255446666554477665447776754777777
2|SB1|8|1|1000002211100222114442273114772751144777556644775666447756677777
3|SB1|8|1|2222000412124404111244441122233412272234152723342227736477773344
2|SB1|8|1|2222204411112244311124443311222477111244775522226777222277777772
2|SB1|8|1|2220111122444113244443334443333364443533644335336644557744444557
1|SB1|8|1|3333300023330001233335043335550433355544555575546655774467777777
2|SB1|8|1|0000000000220001222333334423333344735553477353336777555567775555
4|SB1|8|1|2211110022121133222211332221133322411333224443532664475366777755
4|SB1|8|1|4441111043111000433312064433366644435556454555665545656675556666
2|SB1|8|1|0012225500112225011132250113325504133335641755556667755566777755
2|SB1|8|1|4011177740111177401233374022323744422237564222376666633777777777
3|SB1|8|1|2200011122031144223333442223334422334447533344375663333753337777
2|SB1|8|1|3333330023133330223333002243330322443333224755332677773326777733
4|SB1|8|1|2033311120233351222333552233333542333335444773556666775566677755
4|SB1|8|1|2000001122200031222004312224443322554443255444475566447766644777
2|SB1|8|1|0001113300000113020301332203333322224433526447335266773366677733
2|SB1|8|1|1111100015111110555210005422133054443300546433005466633057666660
2|SB1|8|1|3111110133132111331322443333222437322444573244445766664477764444
2|SB1|8|1|2220011122223331222433332224333724444437555443375655663756666777
1|SB1|8|1|2222203311172337155722371557333745777737655577376655777765577777
3|SB1|8|1|0031111103311121003222220032225547762255776622257776665577776555
2|SB1|8|1|0000001500000015022250153332501563425555666775577677757777777777
1|SB1|8|1|5111110455513444525333445663344456637744556377476663774766777777
4|SB1|8|1|2221110123211111233144443331114433314444337444456677445567774555
4|SB1|8|1|4001122244011112430311224333322244443322544337275566377756633377
3|SB1|8|1|0000000000000001322220113342211133424661534444667334766677777666
2|SB1|8|1|2111100322231113272333332723443327744463257474665577777657777766
2|SB1|8|1|0011111100111131022411330244133302444433555455335555556675666666
2|SB1|8|1|0444444400044441333224473367554736677547666755576667777766777777
2|SB1|8|1|0000022211000222100000024443332244434333474343536744455567774555
2|SB1|8|1|0000221102222111000225510022253102224551022744556277744577777755
3|SB1|8|1|1100000011111002144100221411132244113322555133325761633257666666
1|SB1|8|1|1000022211000222110022443100264455222644555626445576666477774444
3|SB1|8|1|3333300233111002333177023341177733447776355577763577776677777777
2|SB1|8|1|0000111104444441022447473624774766277747622557776665777765555777
2|SB1|8|1|1000000011110000121100002222200322444033574464445744664477744444
4|SB1|8|1|1111110011122220112222203122222033332224553367245666677456677777
2|SB1|8|1|0000111230011112300612123336622233662244775662447776624476664444
2|SB1|8|1|0001111101111111002222110222331100023334052233347776663477666634
3|SB1|8|1|2000111122200511242305112423351544335555363777573633777733377777
3|SB1|8|1|0000333300113322000333270003337745556337555566675665666756666777
3|SB1|8|1|0000011200001112041012223411125234411252334115553777755677775555
4|SB1|8|1|0000001120230111222301552233015542660555726655557666655577776555
2|SB1|8|1|0001122201111122000002220300002203442222544427725474776255777772
3|SB1|8|1|1110077711103277111332771133227734322777333622576336255766662777
3|SB1|8|1|2110033322111334222113345521434454414444554447445444776454477664
3|SB1|8|1|1000022211100022133044241133344433334455333345553336555573666655
4|SB1|8|1|0022111102221111000225553022655534426665446666557446665677776666
4|SB1|8|1|0000000000110020101222221112232211444333155546631556466376666663
4|SB1|8|1|0000001100504011255544136555543366665435665555556655557766677777
2|SB1|8|1|1110000012111557221355572333775724333757333377573666777766777777
4|SB1|8|1|0111333300011133110213331111155344115553466777574666777766777777
3|SB1|8|1|1111000011000400111144021314422211154666555566665576676655777766
4|SB1|8|1|1222222012122222111124221312242233324444373566643736664437776444
1|SB1|8|1|3332222031322222322222223354444265545544655555576665577755555577
3|SB1|8|1|0000011200001112330112223001652230666554366555557666655577655555
2|SB1|8|1|1101122211111112111131221333312213535462135555661155577611777766
2|SB1|8|1|0000011100222211000552443300554435555444665654646666556476666666
2|SB1|8|1|1111110022115555223354452273444577744455777764457667646677666666
4|SB1|8|1|0011111144211313442233334622237746333377663553776665737765557777
3|SB1|8|1|0000002200040221000402223444000264400572645555776657755766577777
4|SB1|8|1|0444444400001114021114442213444423335447235554773365557735557777
2|SB1|8|1|0000011102001111322441153244445574464555744665557446665577666655
3|SB1|8|1|1133304211113442133334221553342255533442565637226656677266667772
2|SB1|8|1|1111002211111222131222221315242233355446335544463555446635557666
2|SB1|8|1|1110224431333224333332443336644475336674755367747573674477777777
3|SB1|8|1|0002222233002221300224443322447435524474335577746557774465557774
2|SB1|8|1|0000000044410003244440032254003322544466255554462255544677556666
4|SB1|8|1|2220000012200003112200034120000344222333446222554667775546777555
4|SB1|8|1|0000022210002222110022221334424233334242553444443336447433364477
2|SB1|8|1|1122200011112233111223331111223344463333445666774446667744444447
4|SB1|8|1|0222222200002212032222223322224433324444773544647775556677776666
4|SB1|8|1|0022144400221144002224443002647450066774555567746666677466677777
4|SB1|8|1|1110000012113000122330004253330342553333424553334444555677755566
2|SB1|8|1|0022225502221155006222570362425766644557644455576664775764447777
3|SB1|8|1|1112222031122222331122225344442253346666544466667777776677777776
2|SB1|8|1|1144430311144333121244331222443312744333577443637744466377744663
2|SB1|8|1|2200000022211013222111132244113322241135664477356447777744477777
2|SB1|8|1|5001111155511111522211115522163152244661554466615444446657666666
2|SB1|8|1|1122200011112220111222231111222314144223144455265555566657775566
2|SB1|8|1|2011115520000115222101153261115532644445776666657777677777777777
4|SB1|8|1|2220001122003311522231115333311156334441564444116666441477764444
2|SB1|8|1|0000144400501344225033442553333465537734655573376577733755777777
4|SB1|8|1|1333320013132200111332201133442211334222155444445566644755556667
4|SB1|8|1|0000222310222223100222231000233311104433714444457111465577166655
2|SB1|8|1|3300000030022221330002263300006633444766355547663344476733447777
2|SB1|8|1|1000000211130202133322221332232243333332435533376655557765555777
4|SB1|8|1|0001111120010111220001112220013177204433577444335777666377777763
2|SB1|8|1|0001222233011222330112225303112253332224552222445556664475564444
4|SB1|8|1|0000011100011133020243332222433352244663554446335544663675444666
4|SB1|8|1|1112203311112333141222331442333716423377562233775666777766677777
2|SB1|8|1|0222333300223331442333334223333344436665466666554666666777777777
4|SB1|8|1|0000000100222011222222212233441122354444223544443335577633777766
2|SB1|8|1|0002222202222221042222253425522534445225364555553645555536455755
2|SB1|8|1|1000000011111100111313321133332214433322554333325744462277446666
4|SB1|8|1|0000000022022011222200012222311142233335463335556666755566677555
4|SB1|8|1|1110002211110002111002021333322233344222333347253644477534447775
2|SB1|8|1|0000011433333114222233442227333422773434255734446777444477774444
3|SB1|8|1|2221100022221110552211305222233055477300557773005777600077777000
2|SB1|8|1|6660001166330021663302226332222463322444665557746666577466667774
4|SB1|8|1|0000000100111111011211110002222345226223455663334756666647766666
4|SB1|8|1|3330022233000221350502223555544475666644756644447776666677766666
2|SB1|8|1|1110000211100222113402221334222233344222775546627774462277774222
2|SB1|8|1|3311110033122110332224403333240033777444355577445575774655777776
3|SB1|8|1|2200333324400313224403335224333354444433545543335554463357666663
4|SB1|8|1|1110000022111300211113302224133022241433552444637744446377766663
2|SB1|8|1|1111002233110222333222223433262634322626445556264455662674446666
4|SB1|8|1|0000001102023011022233312222231144333331445333114756661647556666
3|SB1|8|1|1100222211122252111122521314425516445555166477551644675516666775
3|SB1|8|1|4200000042001100422211104333310044431110446335554466555547765555
4|SB1|8|1|0000000120000111203444442333444453554444555446665556444655766666
3|SB1|8|1|3333311033331112333322223335524433354444655574746566777466677777
3|SB1|8|1|0000011120221116222311164233161644331666445377663433766633337776
3|SB1|8|1|0000000122000011222003115222233154443331544334417444444677446666
2|SB1|8|1|0444433300004133024443352244553524446555266665552266665577766655
2|SB1|8|1|0001133300011334021113342221334452222344555522445555566655566667
2|SB1|8|1|3330111123331115223111552433315524111155266161152766666577766655
3|SB1|8|1|2222222022111100222223035554433355564444565677775666777755777777
2|SB1|8|1|0000014403002114033221440035554403354444335544443655644436666744
2|SB1|8|1|1111110233311002311100223330000233340002534442225666442256664722
4|SB1|8|1|2007111120377711223377114553377745555777444577775555667766666777
2|SB1|8|1|3112220233122222533442265334442655347426544477267774472677777777
4|SB1|8|1|3000111133011212330152223305555574455565776655657776666577777655
3|SB1|8|1|3001111133001111300111223333666243777762775777627777666277777762
2|SB1|8|1|3000000030100220331200203352222033544244335544446335744463377444
2|SB1|8|1|0000002104000221044002220344222577742445777444556677445577744445
2|SB1|8|1|3044441130444112300044123344441163447111644771556666711577777777
2|SB1|8|1|4111122044331222433322224373333244773522647335226775555577777555
4|SB1|8|1|1111000011111110112110002222330322444333244433354474655547766655
2|SB1|8|1|0000000310113333111233367133353674555536775656367756666677766666
4|SB1|8|1|1000002210033224133342441133444475534646755646467566666677666666
2|SB1|8|1|0222222202211222442522224455355244455552647755526677555266777755
2|SB1|8|1|4444440411133444255344745553477453334477555367775566667756667777
2|SB1|8|1|0001111101111221011111210003222200033324505533665553366675556666
2|SB1|8|1|2222000022220001622233336624443366645553666555536667775366777753
4|SB1|8|1|0000000201100022331000023333004235300047553404475664444766444777
4|SB1|8|1|5111100055511110511132225114333254443332555443224444433677777366
2|SB1|8|1|0000000011100222141000024433000043300005473350054773556544755555
2|SB1|8|1|3322210033222105322224553344445566444455666474556777744577777445
2|SB1|8|1|0055522230115524311552243115554466115447666557776665777777777777
4|SB1|8|1|1000022411004224611044246630444466354744665547475657477755577777
2|SB1|8|1|0000003310022333222233332226355344263555446665756667777766777777
2|SB1|8|1|2221113042113333422433334444333346665533446655557666655577775555
4|SB1|8|1|1000000011110002110000023440002233440022344445276655557765555777
1|SB1|8|1|0000044411010004211100043133354433355554665555776665577766555777
4|SB1|8|1|1110000011111220111212203132222233345222344455226647755266777555
3|SB1|8|1|2200000122000101222001112223361145233661455533664553336677555566
2|SB1|8|1|0000000001104000011244063111400655114046555544465574466677777666
2|SB1|8|1|0011144420111144231114442333145433444454333445543336455466666674
2|SB1|8|1|2111100022211110222221403333114455511114557177645777776757777777
2|SB1|8|1|1110000013112020131220221333222233333324353363443555644437744444
3|SB1|8|1|3330011233311122335422223554424455444446557766665557766657776666
2|SB1|8|1|1122202241112222433332224333322244333355433336654633666576666555
3|SB1|8|1|1111100011111100221100002211144322244433255554365554446655766666
4|SB1|8|1|0011111101111121000112223055144233554442776546627766662277776662
2|SB1|8|1|1113305541133355443323554434225544447755664677756666777766677777
2|SB1|8|1|0100054401025544000257743362577463655774636755776667757767777777
2|SB1|8|1|1000044211100442311044223310442237444222374442256744455577777755
2|SB1|8|1|2222201152222211552444135524443355544446554466665547666657777666
3|SB1|8|1|0000004422200041520000445233304452344447533333775333666766666777
3|SB1|8|1|1110000322111133222333332422336624422366444576664777766644477666
2|SB1|8|1|1111022211772222317724243777244477772764555777665757666757777777
4|SB1|8|1|0000211100022121000222210332222175333441753344447776644477776664
4|SB1|8|1|1112222033112222311222223311555234415552745555527666665277666662
2|SB1|8|1|0000005501000035112200351222703544477335777733556677333577777355
4|SB1|8|1|2221100022331055222310553323455533334455774445556747444577774555
4|SB1|8|1|2111100022111110222110003322000035224000357744003557466055577600
3|SB1|8|1|0000333302202231002222350023333540636735466667557776777577777775
2|SB1|8|1|1110002231150002331504223335544735354447355556473555567733355557
2|SB1|8|1|0000013422201134220033342003343400003444500033445600644456666674
2|SB1|8|1|0000002201010022111100221443322214335522446355527763522277775222
2|SB1|8|1|2000000122000011524000015243311154431111543311115444444644477777
3|SB1|8|1|1111122011122224111212443311114731155447555544776555777755557777
4|SB1|8|1|0000221300022113000211334422513642255556455555764445577644457766
2|SB1|8|1|0000025510020255130222553322425536264455366665573667777736777777
4|SB1|8|1|2222011122200001222224445352444455555544575554445755566457776666
1|SB1|8|1|1111440422511444225514442255333422533434255334345556644455744444
2|SB1|8|1|1000000011400222444000423400004234444442377755563775556677777555
1|SB1|8|1|0000000211150222115500221355552213355664555566665556666677566666
3|SB1|8|1|1111220031122200331442223111472233444772344357663333377677777776
3|SB1|8|1|1444000011140040214404452114034521444445211554452655555526557555
2|SB1|8|1|0000314402003114022233442223344426223444262335742666777466667444
2|SB1|8|1|0000311100003141200033412003344420053364205533672055336725557777
2|SB1|8|1|0000022211102252111222551132555744425577466225574666277766622777
3|SB1|8|1|0111112200000112000022120334222233444522334645253366455533664557
2|SB1|8|1|2222003311122333122233334442355344424553444444554446455547465555
2|SB1|8|1|3000444431100224322222443324444463554447665666676666767767777777
4|SB1|8|1|0000000000000201222222013222111133224111334444556364775566667775
3|SB1|8|1|2211004421111044221110442213304462223344663335747673337477777774
2|SB1|8|1|0033311100333131245531312455333124455331255556612755556177775561
3|SB1|8|1|3110000631220226322222663225226633255466733577667337766677776666
4|SB1|8|1|1000022211100022100057723405577234455772334455776646577766667777
1|SB1|8|1|0000000002010550220155504233335042435550444355504633555544435755
4|SB1|8|1|2220033322200331272204332724443377274443572744437777463377774666
2|SB1|8|1|0002211100222211402222334222322344633333666555536666555576666655
2|SB1|8|1|3333302211333022133333221333342255344442533367425536672256667772
2|SB1|8|1|2211103322111133222221132222213322433333244655352246655527766555
4|SB1|8|1|0000011100201101222001012423000724433577243355774466577745555777
2|SB1|8|1|1111110042111133422111134427333344773333477333356775555567777555
4|SB1|8|1|0000111100401111304001223344022734447777544477775646677766667777
2|SB1|8|1|1333000011130000211333005111133355444433555544336655443355554773
2|SB1|8|1|2211330022113355224433552243337524433375224433752446737724467777
3|SB1|8|1|1112220211111222111422324444233244466636544446665574666677777766
2|SB1|8|1|2113333021111333227133332477333344473353447753536775555367775333
2|SB1|8|1|0000005500010005204110052241130544461155446655574446675744666777
4|SB1|8|1|0000000020111140211114402233344425334444255364447756644477566664
3|SB1|8|1|0111111151444111522441315244333152444431554766315577663357776333
3|SB1|8|1|1133330011130002153320021553222245552222455552226655777265555722
2|SB1|8|1|2011111120333133223333335233333353334443555364445566677755777777
2|SB1|8|1|0002221105222213552272235524733355647777566677776666677777777777
2|SB1|8|1|2000111122211115211131552227335566473555677735556667555577777555
2|SB1|8|1|0000000130000111344001123344441253344472537744725367777733377777
2|SB1|8|1|0000000000120000444220003444200034542770445445704655557045555770
2|SB1|8|1|1100000011120000322222203445522034445250644555506655557055555570
4|SB1|8|1|0001111100011131220011312220013324244333544443637774446377774663
2|SB1|8|1|1111000022211030222330302223333022333344555344445566444457666444
3|SB1|8|1|1111100633311026343414263444144633544466335574467335764677777666
3|SB1|8|1|0002222310023223002233230024333302244433052444360722446607777446
1|SB1|8|1|0000000000100070032220703332247022225470255557702657777055577770
4|SB1|8|1|1111122015132222751324227533242275533444756636647556664477555666
3|SB1|8|1|0111155500001155022001552240315526444475266677752676777777777777
1|SB1|8|1|2211305521113335224113352441335544411175441117756447777577777777
2|SB1|8|1|2222110121111111213333315433333354443333554666637744446677744446
2|SB1|8|1|0000011100200031332003313333033143333311455556164445566644776666
2|SB1|8|1|1122000011120333122203331224333312444333177745357767455577755555
2|SB1|8|1|0000000000310100003111246333114466354444655555446655444466755544
2|SB1|8|1|0000000011100030221003337200000372744533777745337677453376777333
3|SB1|8|1|1112220011122220132222441325224433554444355555443355555637755566
4|SB1|8|1|1122200011222200122222221112423211444333544447635444476654447776
2|SB1|8|1|0211114422313334223334442253344722544447555666675576667757777777
2|SB1|8|1|1000552211100552130055521334555213444555634477556344777764477777
4|SB1|8|1|0000111122003441520334445553447755544447665547776666677766667777
4|SB1|8|1|0000222210022442111522443315277431152774355557443667777436777777
4|SB1|8|1|1222220014442222144424453334444537746455377764553777666537776555
2|SB1|8|1|0011111101122231022222310442553704445777445557776445557744477777
4|SB1|8|1|0000011100000001020003112222331122333344555364445556647455566774
2|SB1|8|1|4000000040220001422222334442233344442223447523336475553377775333
1|SB1|8|1|0441111104444315022443350024335544243555444435557763335577777355
2|SB1|8|1|2201111124114311244443334444445346645555446665554665555566677555
2|SB1|8|1|0022411102224411002224413032224133322641355566415556666675556666
1|SB1|8|1|1000000011012220111144201331444411316664153664447336664673666666
2|SB1|8|1|0222222200002211220222412202334122222344225523342556644477774444
3|SB1|8|1|0002244400002441302224443322244432222244335577746357777777777777
2|SB1|8|1|1122000411224444112222441333224413534444135344441555564477776644
2|SB1|8|1|2001133320011333220011132001117324441577645555776477777777777777
4|SB1|8|1|1100022211022222110222421344444213334422115344225556622756667777
2|SB1|8|1|3100004431100224311002443311224431112444335524446365555566677775
4|SB1|8|1|2000011122200111322211413337144155374441555777446557744465777744
4|SB1|8|1|1000022210110222111222223311112233331144537444465376644657776666
4|SB1|8|1|1112220012223200111132203333300033334040557440465774444655774444
4|SB1|8|1|1111110055511000511110325144333354444336547473365474763657777666
1|SB1|8|1|3311100631100066331120663333306633554466535566665555566655755666
3|SB1|8|1|0000000010001000111111123314442235555442777555426755755277777522
1|SB1|8|1|1000000211113322133332223333322244433226455333664553333647536666
2|SB1|8|1|1100222231122222331122243335242433554444535556445555664655756666
2|SB1|8|1|3333000122333331223353332233535524355555266775776667777766677777
2|SB1|8|1|0000002200111222000012523301115233114557311155573336667766666677
2|SB1|8|1|1100022211112244133222241332444413344444333345446666555467766644
2|SB1|8|1|0000000022000001222033115222231154443331554444315555566675556666
4|SB1|8|1|1002222211333322133332221133332251363324556663446667677766777777
2|SB1|8|1|1000000011111000331210003400000034444440364644503666455037777755
3|SB1|8|1|0000001120000311200033112033333122234441226355442266667466667777
2|SB1|8|1|1000000311100033222200332444333324445533677455336774773377777333
3|SB1|8|1|1111111024131111243333354444353544433555466365674466666746666777
3|SB1|8|1|0222233300112333000022234422272344447723457776237777766377777733
4|SB1|8|1|0022111100221116042333364433336645333666455533665577336677777666
2|SB1|8|1|0000000000200001222200442232000433322544633255446677554467775554
2|SB1|8|1|3330222214333332643335326463353564633555646355576665557766555577
4|SB1|8|1|1111044413312244133322443322244633552446733554467555746677777466
2|SB1|8|1|0222222200022221422233334422333344447733554777335777666357777766
4|SB1|8|1|2220001122220001222200114220003142000333444665556646657566667775
4|SB1|8|1|1222277011222777311227773334222733444477534444775566477766677777
2|SB1|8|1|1100000011100022335000243355444435544444355544447755465475555554
2|SB1|8|1|0011111201151112000512223305222734452267777552677777766777777777
2|SB1|8|1|0000000300001333201113532015335544155555466655554666555566677775
1|SB1|8|1|0000000000010200111122007731727047377770776655707666777077777770
2|SB1|8|1|0111122244141222444412224445532266455525664755556677777567775555
4|SB1|8|1|0112222200112252301114523331445263444755634777556647775577777775
4|SB1|8|1|2000000020300001223001114233011143300111443335514467355566677555
4|SB1|8|1|0004211100342121003422243334444433447777533477775566677766677777
4|SB1|8|1|0002244400122244002222445573324657763446557664665776666657777666
2|SB1|8|1|2222240411124444331244446334454563344545634475456664755577777755
4|SB1|8|1|1100000251100222544333265544333654466636546666667776666677776666
2|SB1|8|1|4444011142444111322441113424111134441111344451516647555167777751
2|SB1|8|1|2200000120020011222203312222031122553314525533345556633455766664
2|SB1|8|1|1111004412110444221004442230044475505444755055447555566477754444
4|SB1|8|1|1122000012222200222220002220003044222330742333357666635577766555
3|SB1|8|1|0331113523331335222333352233335544333335633637356666377563333377
2|SB1|8|1|1000000011001000111111123111411231744122377745273677455736777777
2|SB1|8|1|2002111122222221222422234444433355454443555554337777546677777776
3|SB1|8|1|1112220011122202111112223132222233322242633574446377747467777774
2|SB1|8|1|0001111101114177311141273333477733444677536666773366666733666777
2|SB1|8|1|1222200011322000313222003333224055533340555344405556644476666666
2|SB1|8|1|0000024400022214030325440333254400352574005555775665557755557777
2|SB1|8|1|1111111011111110111144221333342255554442555555425655544266677772
2|SB1|8|1|1110006633102246335026463350664635566646355564466656646676666666
2|SB1|8|1|1000000211133002111130221113322241135552113355557333565577666665
2|SB1|8|1|0003333400002314002223340522234475226644752664467726664677666666
2|SB1|8|1|0000000000113330211113002111133322144433255544332566643377666443
3|SB1|8|1|1111000011112040112220401223344412233334112533445555664457666644
3|SB1|8|1|1000000011100003211000032440003322440555244555552666566577666655
3|SB1|8|1|0001177744011117400122274403222744066777445667774556666766667777
2|SB1|8|1|0000004400010004020110442211114321155443655566436555664366666673
1|SB1|8|1|0000000010044000111444203344455034445550333555503365555536657555
2|SB1|8|1|3333330023333100223331054233300542377555666777576667777766777777
2|SB1|8|1|2222240411112444131122241332222413333524155555541657777455557444
3|SB1|8|1|0000111100200113002000130220003302240333224473356444775577777775
4|SB1|8|1|0011111101111141000002413334424133744444377445546774555477775544
2|SB1|8|1|1111100422111114221144442231114422774114555744445757776457777744
2|SB1|8|1|4412220344123333441222234222332344244333444465534446655376665533
1|SB1|8|1|0000001200000112001111220000312240553322555333625553336277533666
2|SB1|8|1|1111000011111105211433054444300544455555446655557666556577666666
4|SB1|8|1|0011222200111122000122220311112203331442735544447333444677744466
2|SB1|8|1|1110002211102002111022221330332233333442335344445555446477776666
3|SB1|8|1|3311122033131122311312223333222233322242655552446577777477774444
2|SB1|8|1|0111111122233161222336662223336644443366454446664777466677777766
3|SB1|8|1|1113330423133344233334447363354476663554766655447676544577765555
1|SB1|8|1|2000043320004413222004432000045322044453666665537677663377777773
2|SB1|8|1|0222216600023116202236662223336654533666555536665577366677777666
2|SB1|8|1|1111111011112244312224443224444432244444755544447555556477556666
2|SB1|8|1|1111130311233333112233331422233344422335446223554466655547666655
2|SB1|8|1|1110000211111022111110023333112255533462533366625777766755557777
4|SB1|8|1|0000000011010002311100023130022233330422533444625774446655774446
2|SB1|8|1|1111100032211110322244103362441473624444736554447665444476554444
4|SB1|8|1|0000011120031141220344412203334427034444573333465733634677766666
4|SB1|8|1|0111222201111122000666220356622233556264555566665566667655677776
4|SB1|8|1|1100000011010200111112203111222233222422556664445666647455777774
2|SB1|8|1|1000000011000020333002203330042233333422355534426577442265577722
2|SB1|8|1|0000111120011443220044332004433354444433544477635774766357777633
1|SB1|8|1|1112200011112200111222203311120033312240753666407666644477766644
4|SB1|8|1|0000000201112222010111220003312200334442053444725566647756664447
2|SB1|8|1|1110222215112422553344245333744453737464557777665777666657777766
2|SB1|8|1|1000022211030022111322221333444211334742333547226555772255777722
3|SB1|8|1|1222222012111222111222221122233244552377466553574665555744665577
3|SB1|8|1|0333333102232311222323372222233722244367452446674444667744444447
3|SB1|8|1|0000000212222222112255523347775544447775466475756664755577777755
4|SB1|8|1|3001111133011111300122113032221133332441536444445566677455777744
2|SB1|8|1|6000113362001113620011336220133366641533655555336557553366777333
2|SB1|8|1|2222000122225001322550443255444433354444355544443556777435777744
4|SB1|8|1|1110000012111000122100002211300025533304555663445576664457764444
4|SB1|8|1|1111202233162025311622253366255536644455366444457666455576655555
2|SB1|8|1|0000011100011131200033312230033524333335243775554477777647777777
4|SB1|8|1|2222100022111033222210362422103624225766444557764545577645557766
2|SB1|8|1|0011111150111111500001215350042255544444555444445554666477777444
2|SB1|8|1|0000001100330010233300005333004053334044554444467777444677777744
2|SB1|8|1|3331100033111110233331102355311023451100225555507666550077665500
2|SB1|8|1|1110022241402222444422524443225544444555647755556667555566677755
3|SB1|8|1|0000111120111444203333540033535400355354633355556633555533355777
4|SB1|8|1|0021111102221133024223330444233300444443504466435556644655766666
3|SB1|8|1|0000111122201141222333445233344653334446533444665544446657444666
2|SB1|8|1|4111000043311020433110204433552244355522433355254463555577666666
4|SB1|8|1|0022111102222441022334445533333453333444536634647766666477777664
4|SB1|8|1|3331111031112200333122005533620453336244553362275336667733667777
3|SB1|8|1|3333022231322224113322441333774711337747563337476667374766777777
2|SB1|8|1|0000002200000122503033425033344453335444555554745655577466667774
4|SB1|8|1|0000001100666114206611442336614425566144555564445775664455776444
2|SB1|8|1|1100000011111003121100331415000344150033471550337755556377775566
4|SB1|8|1|2000011120001115222331152233335524433355244455552674555566775555
2|SB1|8|1|1100522214455552114533221145333314455666114555661111557611111777
2|SB1|8|1|0000021100002211344222153342225533445255333452553365555576666655
2|SB1|8|1|1113000311133333213355552113335524445355224555576647575777777777
2|SB1|8|1|1112000511120055142230551422335514423355147735556447335564477555
2|SB1|8|1|2000025122202251222025552222233522444555444745554777655544775555
2|SB1|8|1|3333114035321144352221443555214435577444555774665557746657777776
4|SB1|8|1|0033333100003311022034442233344473333544777355447675544477775544
2|SB1|8|1|3333332011333320111344223333444433337444563374745667777756777777
4|SB1|8|1|1112200011122200144242331444444317744433574474335744746357777766
2|SB1|8|1|1000000011110000211444032111433321114443225144462556444677566666
4|SB1|8|1|0000011103022214333244443544444455544446555556467555666677556666
3|SB1|8|1|1220334413223354132335541333355433777544333375476677754766667777
2|SB1|8|1|1111224011111244115522443115522431115244335557746655574465555777
4|SB1|8|1|0000111100011011220000112540111325405133254555336555555365577533
4|SB1|8|1|0000000002200001220000012203301124533333445536364445366647766666
3|SB1|8|1|0221133302111133022223330466333304463333446633354766633577665555
2|SB1|8|1|1002222211122224311333243133533433355534363775573637777736777777
2|SB1|8|1|0000000001133300003332225334332254444222554422225562222255677222
2|SB1|8|1|1000000011111000212330002222300077433300777333557333666577736555
4|SB1|8|1|0001113311111333112211336124155366445555664775557677755577777755
2|SB1|8|1|1110022711111127111114271331444713314647135146471336667711667777
2|SB1|8|1|6000000061160000611622006616220346667227667775276677757767777777
1|SB1|8|1|0000000010111020111112203311422253114242555542427655444277777442
4|SB1|8|1|1110000211111002111100221113222214136262444766654477766647777766
1|SB1|8|1|0000111133000017332221173332555743325557443555774645757744477777
2|SB1|8|1|1111100011111110133200003322220633444266355444463554666637555556
3|SB1|8|1|0000000000110000011550023111500231155544335545543674445477777444
4|SB1|8|1|1110002211110222110002521111325244333555447375554677777577777555
2|SB1|8|1|0001111100000111002200110222000344444333754466667744446674466666
2|SB1|8|1|1333322011333326111332261413552614333526443355264455556677756666
4|SB1|8|1|5111000055111020511312225533344255553642555536665575333657777776
2|SB1|8|1|2200000322221403222244332244433322244443255664335556633377563333
4|SB1|8|1|0111133301141133012443352224333524443355246753556667555566777555
3|SB1|8|1|1112222061112233611222336114223366644223655544776665447766554777
2|SB1|8|1|0222211522224415322244553322455533344555376646653766665577766555
2|SB1|8|1|0001111100441111044411620004136277041466574414467744446677466666
2|SB1|8|1|3000011130200011302211113322224433322224355662445566666475666664
2|SB1|8|1|2000111122223313222333334423333342223633444556334555666644766666
2|SB1|8|1|0001113302111333021111130111133300554436055566665555666675555666
2|SB1|8|1|0000115542003115422035554420335544233555422255556725555567777555
2|SB1|8|1|0000000011110000212111112221137144253371455555714665577146557771
2|SB1|8|1|0111114400022114002221440002334402225444022555440226654507775555
4|SB1|8|1|0022211160023331622253316622553362245533666555556775555566777555
4|SB1|8|1|1100000011000444122044441222334422233444225533346655333765553337
4|SB1|8|1|1111110215133122555322225533324257364446577666465766664677766666
4|SB1|8|1|3330000013300022113000025333022255364422555644227556642477564444
2|SB1|8|1|0000000000111110000211113222415132444751344477553464477533777755
2|SB1|8|1|0001111100114111001244110302444400024444770225446772754467777744
2|SB1|8|1|2222220011223300122223001112230311422333144455336444453364774553
2|SB1|8|1|0000111100000113222002232420222344222323422353334443536374333363
4|SB1|8|1|0000000100000011223000112333444422334444555344445754444657554446
2|SB1|8|1|0022113302222133022222330223333504244355444445554444665574666665
2|SB1|8|1|2233300312233333222222332222223344452533555555336655777765555557
2|SB1|8|1|0000005511002005122220052222335522423555244275757672777777777777
2|SB1|8|1|2000001120010111202111112222113342253333445555334445653644476666
4|SB1|8|1|0144223301144223114422231164222361644444666455547666565477766655
4|SB1|8|1|0011111102223331442233334425536347253366775553667555666677766666
4|SB1|8|1|2000011120000131222000332220333352233443553344665555446675544666
2|SB1|8|1|1111322011113222433333224335335244553552455555565555566675566666
3|SB1|8|1|0000333301100323110022231112253314552563555555635557556357773333
2|SB1|8|1|3333320531352205443552554335555543555566335757667557577677777777
3|SB1|8|1|1111200011112220111220001322440013334555333344453366464533766655
4|SB1|8|1|0001111100013111002131112222311342523333455536664557766647777666
1|SB1|8|1|0000000011100020131000221313022413330024175777446757774477777444
4|SB1|8|1|0002222200000211333022223433322244555525477555554677555566677555
2|SB1|8|1|4000111144411531244555312445553544455555444557556645777567777775
3|SB1|8|1|3222222032222111322222213344111153344411555554175564444766677777
2|SB1|8|1|2220001122222001442240314444403146455777664455776655557765555777
4|SB1|8|1|1113220211132222111332221133422233334552336344553663745566677555
4|SB1|8|1|1111222013112222333122263332262643352666443555667435666677556666
4|SB1|8|1|0331114403333114002231142023333422223444225533342275634477744444
2|SB1|8|1|0111113601111336221143662514433625444366255477762574777655777777
4|SB1|8|1|0001111120000011220200014222233144273333442733536447555377777755
2|SB1|8|1|4222222044222110472723104777233344777553477755536775555367777773
2|SB1|8|1|0022222202211222221122423331444233114466535564465556666657666666
4|SB1|8|1|0013333360113233601422376114433761144437614445376647773744477777
4|SB1|8|1|0222113300222113444723334477775344447555644775756644777764477777
1|SB1|8|1|0011111320221133222111132241133322444333444333554644555566455557
3|SB1|8|1|0002221140222213402233334222233544623355466235556666655676666666
2|SB1|8|1|2000001120000111222006112333361145553611555336115555566177775666
2|SB1|8|1|2200311122033316222333364553336645536666755776777777766777777777
4|SB1|8|1|1111222011112233112122331222233344233336442755664447556677776666
2|SB1|8|1|1333330013133300111633024446355546665555466557556667775767777777
3|SB1|8|1|0000000000001020011111203111412033444222555544225555662277776666
2|SB1|8|1|0000013300020113200221332222213342222173444625734466657344677773
2|SB1|8|1|0000011102300001223300012433303324333333243655772446777724477777
4|SB1|8|1|2111110021111110221110002221133042233300444433357776665577777665
2|SB1|8|1|0000000041120200412202224122222341472555444725556477255577775555
4|SB1|8|1|1330000215330222455302554453555544555777466657774665577747777777
2|SB1|8|1|0000222130032221303324463332244635664466556646665666666657666666
3|SB1|8|1|1110000211002222111222223313442233334422555364445755644457566644
2|SB1|8|1|2220000122220111222221112222231133333344553336445553664457566664
4|SB1|8|1|2000000120000101223331012233310142223111442257774665577766557777
2|SB1|8|1|2225550011255000122254443225547465554474655554746666547755555777
3|SB1|8|1|2000000020001100221111002222413027244430774445307767553377777773
2|SB1|8|1|3441111033441512334115223341455244444522447445524776452247777522
4|SB1|8|1|0112222200111442333154423335544433555444635755746677577466777744
4|SB1|8|1|0000001421111014222311143333314433343444537444645377776633333777
1|SB1|8|1|3332002213222222333222223332222233325542333555423635444236555742
4|SB1|8|1|3330011136204441362244453672244566774445667777556677777767777777
4|SB1|8|1|2222200021112330112223301442453311444553111155531155555677756666