2|SB1|9|2|666666666665655763665557773622251773600051173000011173088011777888114777811144477
3|SB1|9|2|666666666688877766884177776244111777234441757233111155233115555131155500111155000
4|SB1|9|2|536666666533660077536660777533060077534000007554444487221444488221111888221888888
2|SB1|9|2|555666622055566623006666623044411613047111113087771133081111113088818111000888111
2|SB1|9|2|777888888337711888337111588377111588377255508322200508226220008266640000444444440
3|SB1|9|2|777777766444480766888880766838200006832220006832200116882220116822550011225555111
4|SB1|9|2|666888888776688555776688555777668555070444435000443335004444435111424233112222233
4|SB1|9|2|888888555888811515486881115486861105466666105446611100333311100333322777332222777
4|SB1|9|2|111444445211114445211114455218884555218837775288833755000837777000887766000007666
3|SB1|9|2|111111113888001133788800113777704413777744111577554122555554222565654422666654444
3|SB1|9|2|333666666323360000223366000123368080111338880711334880711144480771554450775555550
4|SB1|9|2|622222244666600244660005447630055847633005847130085877138888877111788777177777777
4|SB1|9|2|222244444214443333111003333117700333177000003117700600177776660555666660888888860
4|SB1|9|2|448888888448777888448707068448000066228880061228331111255333111225335155555555555
2|SB1|9|2|133337777133533777135555587155858888110888884110066684220266684222226644222444444
3|SB1|9|2|333333377325553387222555887222554887226664487216444487116664487110004487111044487
2|SB1|9|2|333330222543330022544300727543300777533000677588116677581117667587717767588777777
2|SB1|9|2|777888888557764888557064488507066488000004488002003488002233318022223318223333318
4|SB1|9|2|442222777444222777434440000333400080333888888333558881555551111555661111666666661
3|SB1|9|2|556666666588836664555136444511133244555132224505533324500533324000333324077777774
2|SB1|9|2|482288888488222228488888888788786668777776666737731116733330000733333000555555550
4|SB1|9|2|111105555222105556222105556000000066008888886048333386043333886043777888044888888
2|SB1|9|2|888888888222888888422223338444333677414466677111006577100000577111050557100055577
3|SB1|9|2|777088888770008882777338122773338122777368122576668112555668882555664444555664444
4|SB1|9|2|888811222777831112777333112766633312776635112776655552706655522704654222704444442
4|SB1|9|2|555555555666500005666553355666113333644411313648811113688812213678111222677772222
2|SB1|9|2|662222222677702222667401122677405152447445152444435552343333352388833352333333352
2|SB1|9|2|433338888436338111436738811336731811277731111272751001272750001222250000555555550
4|SB1|9|2|550011111540071716547077776547773366557577366555537336255333336222388836223333888
4|SB1|9|2|000004444001111144007784444007788888077772828007722228066332228066635558066335555
4|SB1|9|2|111111111001111333000111373080886773080866673088866677052226444552224444552224444
4|SB1|9|2|447777777444667275446666275888062275800022275800007775830001177330011177330111177
3|SB1|9|2|772222555172222225177320255177300055177300666777344666783344666788344666883336666
3|SB1|9|2|888888888888808088222000058242445558244455557446447777466677177436111111433331111
3|SB1|9|2|444855555488888555438888655433333655440136665400117655440177625000117625000177725
2|SB1|9|2|000000666300011166300111116300011166300088888357744288555742228557744424577444444
3|SB1|9|2|444446333004166663000166633080112233088812223888812233878111133878555333878888883
3|SB1|9|2|544333366543313336541113226544413326504411326504711226504778222008788822088888822
3|SB1|9|2|877777777870006777888066743800066443888006643881016333551112323255112323222222222
2|SB1|9|2|666888880666688800565583880555583000575883222777888222444888822444111112444111112
2|SB1|9|2|888888888884444877000447777000677277006622227000622277053333237555133337111111117
2|SB1|9|2|111133333121044403221004003221200003222225003228555553288855555268677575266677775
2|SB1|9|2|477733333455773388455573388555673888555666808116668808116660008116600200116002220
3|SB1|9|2|777001155770000115777055115720005555728088535728883335788833633444633666666666666
2|SB1|9|2|333775666300755666330775556880871556280871566288881566282211546222211446111111146
3|SB1|9|2|666666665111266255010222225000042225000044555044445577884477777888433337333333377
2|SB1|9|2|666625555662222255666221153761111153761811443778881433778881443770001444777044444
2|SB1|9|2|200000000222506060225586066222586666278888646177878646117778343118888333188833333
2|SB1|9|2|778881111777781115778885515677800555666600005663600000633322020334222020344422220
3|SB1|9|2|833112266831112066831112060855122000885122040855552440885577440887777444888744444
2|SB1|9|2|111000000777440000777742200773444200573222220553322000553366060553336666333338886
4|SB1|9|2|332222222333122424371114444777111404887114404888610000886655000886655000666655000
4|SB1|9|2|888855555684444555688844447628847777628113777628113777628133877628888887000000888
2|SB1|9|2|666666666444666666444666333754160033755160003751110203777812223787882822788888822
3|SB1|9|2|877777777888733373883333373444300333144330330111200000111255550116265560166666666
4|SB1|9|2|222255551022555111000445511004443388004433888604433887666663887666677777667777777
3|SB1|9|2|024444888024244488024224481022227481332277111322771111337777116335576616555556666
4|SB1|9|2|844400000888444400833224500833255550883222252333221222376661122377611122776612222
3|SB1|9|2|111888555111118585111888885131288805633244005633244055666244050676674000777777700
4|SB1|9|2|777774222774444402888444000885440000855444006885444446833316666833311116833311116
2|SB1|9|2|111777777611737775661337755611037755440055555440088555840088825840088225888888225
3|SB1|9|2|888888888811818888801111777801611557001615557006615555022644545222444444244433344
3|SB1|9|2|000338888003366888003366688003337781033377781222444881222444481225555581222555581
2|SB1|9|2|366660000366600222366000244333000444377550444387754444887555551787751111777551111
3|SB1|9|2|444333886444433386444223386111225586111225586011125586010075586000778888000078888
4|SB1|9|2|633334441632333411662231411222231111550077171550077171500077771550077871500888888
4|SB1|9|2|388888888338105558311105058331105055441100007444102277466222277466277777662277777
4|SB1|9|2|666638888266638888206535588206555588206555558000005588000144578011114577111444557
3|SB1|9|2|000777777440666777400666177466666117468886177222288888232288558233385558555555555
4|SB1|9|2|331111117633321177632220177633320177630000177660000157888404557844404555888444445
4|SB1|9|2|110000333110101333511111133515157777555552777554222727544422222546428882666448888
2|SB1|9|2|666888888267777708266777408226774408217775408211155008221355508233335508233555508
3|SB1|9|2|411111666444071166400078666407078866477778886477338286887738285888838255888888855
3|SB1|9|2|888333333877333355887735552487333552484442222444442622440446612400046112666666111
3|SB1|9|2|766666666711114666771144606777114406733300006883338888888888858882222855888255555
4|SB1|9|2|222488888228444488228888880223380000211330500213335550211333777116663777166666777
4|SB1|9|2|777777000776677000746667000446655333141553333111555333111155883122228883222228888
4|SB1|9|2|044667777046668788044488788004448778025888888025588888125533338125533333111111113
3|SB1|9|2|222233333422223113482111113488181115488881115478666555777066555777065555700066655
2|SB1|9|2|888881555888711155877770155777000025737402225737400025737477055777777775776666675
3|SB1|9|2|222222222133327772112227877111227887444445587044445587004655588006655588066666588
4|SB1|9|2|332222227332222277333222776445555666444456666441886666411800066111800066188880066
2|SB1|9|2|277777770222773770222533300222555500446555000446668880446168888444111888411111118
2|SB1|9|2|000001111011111333001117733707777888777767682775566662755462662755462222755422222
4|SB1|9|2|444555555466551115466551111466871111466877771466827777400022227333000227300000022
3|SB1|9|2|222222555122222575122888575188888875166668475006448445006344455066334455000034455
4|SB1|9|2|888887777858333337858637377858637772550617772550611422560614422560612422566662222
2|SB1|9|2|888888888844488888241118111277711161222256665232555555330055050333005000000000000
4|SB1|9|2|733334444777666424788886224788186222788166522781166522111110555110110505110000000
4|SB1|9|2|444466666448886611488688611444688611333666666355555000322755500227755500222700000
4|SB1|9|2|588888888555848418775744418777744111044444412004022212000002222306666222333666622
3|SB1|9|2|444488888411422222411444222111442202166400202666550002335555500333570000555577770
4|SB1|9|2|835555444833505554883005544833005554823366554222666574622677774622667177666661117
3|SB1|9|2|000000000855622220855622220855622424885622444888632444877331144887133114887111114
3|SB1|9|2|330000000388100222338100225368111155366161555346661577346661117346677177377777777
4|SB1|9|2|444411177344117777334111175344111775322225775322255555366855005366800000666880000
4|SB1|9|2|444444441888741141338761111333766611337766515037765555030066555000222225022222255
3|SB1|9|2|888111222886001152886001152886401552446401152744477552774775552777773355773333335
2|SB1|9|2|333222222343333228444331228488811188088888888000005878666055777600005777600000777
2|SB1|9|2|077777888076667888075667788055555788335157788335157788355144228334114228444444228
4|SB1|9|2|888877666888337766188333336183333336133353036115555036444200000442222200444220000
4|SB1|9|2|885555533288553333228755553222755511077711111007111116077777716000776666044444666
3|SB1|9|2|000333333500383133550881163542281163442281163422221663446666663444446766477777776
3|SB1|9|2|888888888733388080773888000723288000722266060777776666555744166545741116544444416
4|SB1|9|2|611111118666118888651188484551444484555342444000342474000342474003332773000333333
3|SB1|9|2|377788444376778444336678844266770884222000854220055854200555554220015155200011115
3|SB1|9|2|000000000888806600778106660741106466741144436741144233444442223455542233455544223
2|SB1|9|2|000733333407777322400773322400777332444771122447711112488815552466655652466666622
3|SB1|9|2|333333000333330000533811110533881110558811611558886661544486666544286767542226777
3|SB1|9|2|888555555788825335788822355778823355788661335444461111040461611000466661000001111
4|SB1|9|2|344455555334444445366644445366888845336621115666621211607722211000722221007722222
3|SB1|9|2|222277776242227766244222776045277711005371118055333388005333388005533888003333888
3|SB1|9|2|311111188331111288344100288644440228664400228664400828668888888665588787555557777
3|SB1|9|2|666444400266474400226774000266774440222274155222111115283331555288835555283335555
3|SB1|9|2|444444508744455508747555608777777668222776668322111168322211668333311168333116666
2|SB1|9|2|666666662606556622006555682000558882011118888777118888371118444333318444888888444
4|SB1|9|2|333334444836334414886364114886664414566220411552200011552000711552227717222277777
2|SB1|9|2|037777777033887777033886677223886667233666677222266677211111117444445111445555551
2|SB1|9|2|666666666000466111444466121444462121344452227343455577333455557384457577888857777
4|SB1|9|2|882222444888226664882226644377226644337722654377725554330755555330711515000111111
3|SB1|9|2|555558888151778866111778666113378886433328866444322806443322006443322000444322000
3|SB1|9|2|044444555004445558604455558600433338644433333666133332671131112777111112722222222
4|SB1|9|2|644444444666444777663341787663441888633441118622201111222200151020005151000055555
2|SB1|9|2|233333336234111336274133366774113366700006666777706666788800606585880006555555555
3|SB1|9|2|000066665777006665777006555371006685371166685377146685371144882377142822771122222
3|SB1|9|2|888633111866663311886544311885554331855054331825054411820054771820004771000044771
4|SB1|9|2|888882777888222277088822777086666637000111333004111333044411133055551333055511133
3|SB1|9|2|444444777443434711243333111243221111222266165222266665888055565800055555888055555
4|SB1|9|2|766666666773362644713362444113662222113622282111128882151100882155500088550000888
2|SB1|9|2|777777733777747635744446635444443635402243335401233833101288883111228383111123333
4|SB1|9|2|111166666001864444088844444007843444007883424007883424777783424737333322333355522
4|SB1|9|2|888777776588277766588227764552277744550070044533000444531001114331100114333111144
4|SB1|9|2|000000000521100066521166066525166666555177446555577444558777343888373333833333333
3|SB1|9|2|664444447866644447866665447886665447866265557812255007112255000111335000333333000
2|SB1|9|2|466666666444446266333342256003335256000335556080875555088877155787771115777775555
4|SB1|9|2|544444446555334466533344466555337766553333778111300788222207778222000078000000088
2|SB1|9|2|866651122866551112886651112888855512888885412880834442800033222770773232777733332
4|SB1|9|2|444441111447441111777411112777322222733322882733332888330355868000555668000555666
4|SB1|9|2|008888888001444888011448855011448555022466555032266655033266665332267665222777775
2|SB1|9|2|888888888888833388444635357464635557466667777666667070622267070221167070211110000
3|SB1|9|2|477777777444477788407777888000172828111172226115166666555556663553556633533333333
2|SB1|9|2|222222222133322222111124442616124848666444888766444008776404058776600058775555558
2|SB1|9|2|333333551366335511666355551463355222466332220444444220888888800777800000888800000
2|SB1|9|2|222227776277777666222373446233333446223334446855533466885000416088800011000000011
2|SB1|9|2|222277444322117744322217744325217744555566744550566644550556664000066666000668886
3|SB1|9|2|666666666611666233611112223111111233055533333000088373404008873404888773444887733
2|SB1|9|2|222288877220225887120025887120225567112255667355555667335666647366646644333644444
3|SB1|9|2|361111111366600111366000811366008881666000811655508881255204771222204471224444471
3|SB1|9|2|668888888658557788655557778653777477663711447663711444666211004622210044662211044
3|SB1|9|2|777777777772227777888227444088824454068665554066665355000063335111033035100000035
3|SB1|9|2|888800006777888066888888066838855066831555466831114446833111146811111646112226666
4|SB1|9|2|777777777766733377666332333666222323600112225601155555600115555004148858004448888
3|SB1|9|2|222277777222573717025573317025573111044571116004577616044446666004448888044888888
4|SB1|9|2|666666666268666776268856677288855777388857777388555111333335141303034441300034441
4|SB1|9|2|118888835011688835001668835000688833000687833004627333444227733444227773222222223
3|SB1|9|2|888888888888666811824466411822444441552040001552000001555500771555507771533311111
3|SB1|9|2|666655888066655588006555518026652518722222218772424818372444888374444488333333388
3|SB1|9|2|444444444465554222465555552665555111666655110666883000688833300687883300677783000
3|SB1|9|2|800044777803004477883304477333004477163664447166644227114442227511145222555555552
2|SB1|9|2|625555555622215558662210558622210058622000077622240777632440777633440077333440077
4|SB1|9|2|444444333444777033244470033222270033122266633116666638155555688111555888115558888
4|SB1|9|2|777700044888777004778777044277775444222255554233355555231356555211666665211166555
4|SB1|9|2|877666666887555566887535566447333536447223336477221116447227116477777776000000766
3|SB1|9|2|777777777678878877668888873618822223611222003611444400611145500661555500661111500
3|SB1|9|2|700058888703058888703058666733355566722555556772551555722111155772211111722244441
3|SB1|9|2|766600111755660111755560011555550001222250011428258011428888333444488333488888333
2|SB1|9|2|177777778111488888666448888466648855466648555444444505424340005222330300333333300
4|SB1|9|2|111111111555531316544433336544443366544666666447777666847270066822222006880000006
3|SB1|9|2|733333338773223388722222388771222668571126668571114444551444044551444000000000000
3|SB1|9|2|355555555333778444377778884277711884221111884222211884222611688000616668006666688
3|SB1|9|2|444000000740036888744336668744436888774446668711446262711146262111152222555552222
4|SB1|9|2|760000000762220033766620033766620033716622233711888253111482253114488855111488555
2|SB1|9|2|552222222555522224566088224666088244600081444666081477680081777888883777883333777
2|SB1|9|2|200005556220004556220004556222044366211443336114447777111477787114487787444488888
2|SB1|9|2|111118883551313333511333333501030033200000000220070444277777744222666664666666444
4|SB1|9|2|488877777448857677448856666448855666228835556233335566200333511000311111000331111
3|SB1|9|2|000001111076001331776601131766001131777044333888244333882224353882225355882555555
3|SB1|9|2|886666666388866655385555555311144555313444445333374444332370004222377774777777774
2|SB1|9|2|688888443666688433666288443622228443112228440177778800177788000555588000555888800
3|SB1|9|2|366677748366677448333687448888687788888888888228818110222111110555515000555555500
2|SB1|9|2|777666666555555636222533336225553366225553333244133333241100008248180888888888888
2|SB1|9|2|888550007885500077886600777886660077332600047332224444333224444332221111322111111
4|SB1|9|2|477777777444227788444427788440527318000537311055533311066533111665553111665533111
3|SB1|9|2|666888888666333833760033333777033233770034223777004423770014223575511122555511122
3|SB1|9|2|777444477777777777722227755222625555232620005833660111836660011886660010888866000
3|SB1|9|2|388888888333811811353881111356682111556622141056662141050222141000227444777777744
4|SB1|9|2|440000088444400083444400883555003333663333333663223373666211173666221773622211773
2|SB1|9|2|333300111233660111233600011236660001888000001888870551884777751744477551777777551
3|SB1|9|2|777777366722273366742273366442273668242777668222078888111088888100080555000000555
3|SB1|9|2|000004668000044468011886668018886668018888888711222228717772255777332555773333555
3|SB1|9|2|844444433881644433811664337811644777815555777885055277855055227800052200000000000
4|SB1|9|2|444477881554447781544477781554447881544448888646488883666008833262200033222200333
2|SB1|9|2|044411133004441333600471332644471132665871732655877732665887722668887772668888722
3|SB1|9|2|888660005888600505818600505118805555318825544338822444338822474338774474333377774
2|SB1|9|2|888888888822828444822222544827222555867722505867221505367721105333711000333311000
3|SB1|9|2|777222222557727222557727121555777111056673331066644881006644481066448888066448888
3|SB1|9|2|444440008744344088733334088722238888722336881727756111777756111775555511555555551
4|SB1|9|2|874444444877777442807551112805555512005051112000055112033366212066666222066662222
4|SB1|9|2|555544466588500446888700046888700046228706666288701166283333116288836166283336666
4|SB1|9|2|444666666744111665744116655774116555702225535002825535008822335808822335888222335
4|SB1|9|2|166777777116664788155564788555554788000444888000334848002324448202324444222222224
3|SB1|9|2|800042227800444227800414727887111727837717777833777555883755555833775656666666666
4|SB1|9|2|877722222888772222837777722837671222837671112337671115344445515444000555400000055
4|SB1|9|2|288888666222887666020887766000877765000877755010837555014333555414434555444444455
3|SB1|9|2|777660111766600011776666881766688888766255855762245555722245455223244445233334555
4|SB1|9|2|544888888554422880555422800554420800556440000566640000556677770536371777533331117
3|SB1|9|2|311188888331144448531144748511277788551222788552277788500226786502266766500226666
3|SB1|9|2|880000066888006663800006633810000633811506633811557334225577744222277444222444444
2|SB1|9|2|777777744707444444708884441008444141001111111322266666333666556333665555555555555
2|SB1|9|2|006666777006667777000667737006688733504688731544688711544668111444468111222222221
3|SB1|9|2|440000001844440001822444011852220001852322111855372261875372266877377766877777777
3|SB1|9|2|855577777855555577886554577886244477886227771006211111006233111002233331002231111
2|SB1|9|2|222226888322666688322245688372445668774415658774115558774111058770110008000000008
2|SB1|9|2|888888888000855578020075778020777778024447111022441113024443313066463313066663333
2|SB1|9|2|666666666668844446888843366887001336857701133857701232855702222855702222800002222
2|SB1|9|2|844487333844487733848887733888877233118662223100666533110665533110066553100066653
3|SB1|9|2|888888888888666688111166638111555533171555534777777744722700444222770044220000004
3|SB1|9|2|011111666001166666000477766004447333022277353082275353088275553088275573022277777
2|SB1|9|2|775556008775566608775580008755580008728888888722333333222231111244211111244444111
2|SB1|9|2|111111222771100222778800223788800223768800233768888883764485533744445553777455555
4|SB1|9|2|666333355116635550136335500133333330133330000188732000188772220187722222887774442
4|SB1|9|2|333333333555511333451111136451510666455550666755550226777800226778800222778880222
2|SB1|9|2|222265554772666544772666554872655554872653334872653334872611134822200000000000000
2|SB1|9|2|766666600777636300777633300711132000751522040755552240775522244778888244777884444
3|SB1|9|2|333776662337766622333766622133777222111172282111175282140055282140555582140005582
3|SB1|9|2|111666666121111666221100006521180776588887777555843337558844437588844433588843333
4|SB1|9|2|888888222444488722540888772500838872500838777500338177506668117666618117666111117
3|SB1|9|2|644444448643000448633004488633208888673222888772228858722255558772255511722111111
3|SB1|9|2|888888222888878222111777772111106772155506677133306070133300070143340000144444000
3|SB1|9|2|444444113444444133422221113522881333582281303588887300588887700566667000556660000
4|SB1|9|2|888886666348488766344477766344444766343311111333511111355521121305222221300022221
3|SB1|9|2|677700333678770333688770033688770003444740003424440003224455113224445113222255513
3|SB1|9|2|008877777000884447000664444206664343266663333222233333522255555555555111555555111
3|SB1|9|2|333333322330035522330005552338877552488777522488877112488877111667777111666667711
3|SB1|9|2|666666688775556668277755668273358888222300888323330811333330811434340811444440811
4|SB1|9|2|544466666555444663505444463000444263722222263711822263711888263717777363777777333
2|SB1|9|2|777366666733386611733886661733386661773666111700444222700054222000054222055554444
3|SB1|9|2|111888886110083886100033386110006666115556662555554442555544222577774422557444422
4|SB1|9|2|577722222500777772550776622500666662500666642555544442531118442531188882533118822
4|SB1|9|2|666677777886337777886637077866430077884400007855400007854442217552442117522222117
4|SB1|9|2|552222233552222233552222223554000333644400118664441118674771118777711818777778888
4|SB1|9|2|888883111288833111248333611248337661243377661443777001477775001444775001477755501
3|SB1|9|2|888773222888873333884873333444873336444873366144005366111055366100055566110006666
4|SB1|9|2|588888888558838886555538866455338766444478777222277770121211070111110000111100000
4|SB1|9|2|330027777330022777330024447630022247610044447611558877661158877611558888115558888
4|SB1|9|2|002223338022222338002223338661111338667171188667771188677774488555554488554444448
3|SB1|9|2|444444411776664411777644111706664411000044421088022221888882331558583331555551111
4|SB1|9|2|888877777886847722886844722686844722686555333666500033611500333615500333611555533
4|SB1|9|2|000033336100113366100013366111113666441113686445556688444777778747778888777722228
4|SB1|9|2|337777111337777111337227000332227000445527000445527788444577688445567688445666688
3|SB1|9|2|800066666808000066808800066888822266444222222342255777311155557311555577333355557
3|SB1|9|2|666666666866655644886555554286515304283111300223333300233373000277770000277777000
4|SB1|9|2|118800000111880400115880400515880446555880446575822666775222666373666666333333366
3|SB1|9|2|557772222757772222757777212777788212448888210446688800466383300663333300666600000
3|SB1|9|2|777777773777333333747888888748800088544806668558866668258866661228226111222222111
3|SB1|9|2|688888774666888774688887774600044444601003454611113554661233555622222555666222255
3|SB1|9|2|588888877555888877555622277555622277444663207444633000444613000666611000661111111
3|SB1|9|2|554448888555444488555044438666044338060022238000002238010122228110117778111111777
3|SB1|9|2|777777777555774333666744333166664443116662443111112243881212443888222244800000044
4|SB1|9|2|448883331548833311544888331554483366524488666522666666002266766022227776002227776
4|SB1|9|2|400077777466007777466600577666605557633602557333322557382222227188821122111111112
4|SB1|9|2|667777775647447575644477555622277755622227553822000333882000033882111133111111133
3|SB1|9|2|000002225304000255344422255334662255444666658444445558441447778111488788144488888
4|SB1|9|2|774444444677744444677222244666622222606001212600001112600051333680855353888885553
3|SB1|9|2|555555500566225000662222000222822800888888888778444418778833418777333118773333318
2|SB1|9|2|222222777212228887111888777100888837150008337550008637500008666500088666554444666
2|SB1|9|2|755555555774445555763335855763636885763666855666661855606111825100018825111111825
3|SB1|9|2|000577777085551777088111177088884177068684117666664177633334227633334427633344227
2|SB1|9|2|880077777884000777844000227884600227866622222866622322816133332111135335111155555
3|SB1|9|2|577778888557748888577444488500444442500014442111116662331313662333313662333333366
2|SB1|9|2|666666677066666577011666577001636577011233887422223887444233388444233888442228888
3|SB1|9|2|558666333558866633550881133550887133220877133220877433220887443200884443008888444
3|SB1|9|2|443311111443331111443351811447358880747550080777755000277256666222255666225555566
3|SB1|9|2|235588888233558548233355548003755548007777744000076444000666644100061144111111444
3|SB1|9|2|110000000133330000117330500177375500777777500444442222446222882666662282666222282
2|SB1|9|2|777777775000074455060774453062274433066274333666274133882271113888771111777771111
4|SB1|9|2|233334448222233488122338488111188886150068686150066666150060666550000677500777777
3|SB1|9|2|333312222331112688333666688348866685348888885444800855444400055747770055777700055
3|SB1|9|2|888114455881144555887444455777777455667644425666632222636632222333333002333000000
3|SB1|9|2|466666661446466611344467661355577777333007778323008888220008088222200088200000888
4|SB1|9|2|332222777311112277314117777114155557884155057844150007844655077844666677844677777
4|SB1|9|2|220000000222077770330075770333055577311055577114454476111444776818447776888888866
4|SB1|9|2|777777777747707077444700000467755510467255510462225511462225511666883333688883333
3|SB1|9|2|544477711558427771858427711888822221838220021332220011336660011333330001333333300
4|SB1|9|2|000666665006646655306646655304444445300478885332771188332711118372771188377711111
2|SB1|9|2|000022222003042222003342211603444111604411111666888111688885551668855555777777775
4|SB1|9|2|117777777511677667551666666551688888553333484502233444500233334000233444003333444
4|SB1|9|2|688880003668830003668333333668883334155513334111117734221111774211111774222221777
4|SB1|9|2|888443355878443355878843355778443355178403622188800622118806662118000666111110006
4|SB1|9|2|233331111223221111022227111000227177000007777000477888004448888644455858666445555
4|SB1|9|2|888117777881147777881447227881142222681662222666622222665520233655500333655000333
3|SB1|9|2|866633333806666633800161133800111133800077143877072144877772144572222144555551114
3|SB1|9|2|222211111220271111200777155220777155244776555244446555444436665434333666333388886
3|SB1|9|2|333333335888333355224444775224144475266144475226177777266117777666117077666100077
2|SB1|9|2|111166666111366666111362606433332200433332208445355588445555888444777888477777788
3|SB1|9|2|311111111331110000311477776318444576888454566884454566844555526884522226555522266
3|SB1|9|2|888788882887778882888888882818555882111553366111533336414533066444400006444000006
4|SB1|9|2|888811111888001555840005555840005775444605575436666577436266577433266777433266777
3|SB1|9|2|441111117344444177354222277354882776555587776058586666008888686000008886008888888
3|SB1|9|2|882222222688223222688833312668880012778700012577750111555550014555544444544444444
4|SB1|9|2|665555555677775588666777558222277588222215558222211508234441100233411000233411110
4|SB1|9|2|777777666887377766888373666883333316000534316255544416255541116252244116222244116
4|SB1|9|2|222221888221111118266663388226644338206664338204444438208888888005557787055557777
2|SB1|9|2|666660000161635000111335440111335540123335544122355744123355774188355777188885777
4|SB1|9|2|884444444886664444886661144877777114877333134857033334857033334557022333557722223
2|SB1|9|2|888440116884400016884111116844111111884411133884733135822753335827755355827755555
4|SB1|9|2|844444446888804466008804066000000006001120076333120776111125775111125555111111555
3|SB1|9|2|777777777117177070111144000135554006333544606344446666322222662328282222888888882
2|SB1|9|2|044445555004465511044465511444261111444211111232211111232217781232227781222277781
3|SB1|9|2|558888888055588888055566667000044367004443377000043227144443327144777327111777777
2|SB1|9|2|833334444888887474866687774856688274858688244858882244111882224111000024000000004
3|SB1|9|2|888888888888433388484433188444441111424240100222220100266600005276777505277775555
3|SB1|9|2|224000333224400033244400331228466361228476661588876611587876611587777666888877766
4|SB1|9|2|888888888885558838485338333445233313455231113444221011444400001777700600766666600
3|SB1|9|2|333336665848335655848325555848322225888332125888302115887002115877002111777000111
3|SB1|9|2|877777777877707007847700000842711110442225115422255555442255556333225656333335666
4|SB1|9|2|222248888622248887612244877611224877611144855631188855631188855331100805300000000
4|SB1|9|2|777744444700004488880808888888888388813333388111666555116666665611666555666622255
4|SB1|9|2|000006666077744666007446655007144655111133555111133385212133385222223885223333885
2|SB1|9|2|444666662488866222448666622455600663450003333455503311445001331477701111447700111
4|SB1|9|2|555566666005556226055566222000562222105577772133774772143744877143748877444448887
4|SB1|9|2|552223377852223777855523377855333347855000347665000344666600344610000044611100044
3|SB1|9|2|011113334000003444000303444000333332055532322665222222666622288677667888667777888
4|SB1|9|2|777777778444477888422477783522277383562007333566007313566077111566000011560000011
3|SB1|9|2|558888888655584888666644438666633338222233138222221111000011171000077177000777777
2|SB1|9|2|733333333777730033747430003844430022884430222188550552118855522188555552188566662
2|SB1|9|2|448888888444433338488888888088887111068557111065577112065511112005002222000002222
4|SB1|9|2|511111111555558117555558117000088877400338877444438877444338877466338872466632222
3|SB1|9|2|444400011884000016844400116844455516775555226777355226777355266777322266722222222
2|SB1|9|2|765544444766554144766550144736350144736300114333300144383800224888800024000000224
2|SB1|9|2|122222222114444422111554222331155522333655222663688802666668802666888802677780002
3|SB1|9|2|555533333255113333255513330221513340271117440277777844267887844267888844267884444
2|SB1|9|2|665555777666055557660055737000055737880015737882015777822015447822014477444444447
2|SB1|9|2|338888888733884778777744478076777777006666666005166626055111226005511126055551666
2|SB1|9|2|444443357044433557044433557044433555044466655026666611822266111828226611888866111
3|SB1|9|2|333888880333388880633777800666774400666274400226274401222274701255577711225777771
3|SB1|9|2|666642222886440022886244002886200022888222222877111132877711332851111332855551332
4|SB1|9|2|777771111447771111444771113444873333488833000888833000886555222866555222866555222
3|SB1|9|2|688811111688887177688887777334827277334422277334422222330440555300000555300000555
4|SB1|9|2|888888444888864440788864400778766600777766633772665633722215533711115333711115333
3|SB1|9|2|800000333855520003855222033555522033450000003444440333474666613477776113777666613
4|SB1|9|2|444422222644428822644488220645588800655581800635581100635581700335881707355888777
3|SB1|9|2|555555555855544551888844511800044411872066661872036361872036366822033363822222333
2|SB1|9|2|221113300221133300722113300728166600728886664728855564722856664778855666788885566
3|SB1|9|2|672222211677222111677333111677343111674443300675455000675558800675558800677788800
3|SB1|9|2|886666666888667777222667557222227557211225555111115055311140050333144000111144400
3|SB1|9|2|881111111888111555808771115600777515606277555606267444666266344636663344333333344
3|SB1|9|2|774000008774460688777460688714466688111466582114445582114333582111338882333388882
3|SB1|9|2|884441333884111133884455333882455553822005533822000033220007773222006763222066663
4|SB1|9|2|666666666666656668366557788335557888337777700317770000311114000211124440222222444
2|SB1|9|2|444222666432222677433226677433333677455533777455530777555000007588800100888001110
3|SB1|9|2|433555555443355557444337577343337777333332227000688877116688887111666687166666677
2|SB1|9|2|333551111733551166753351166755555116254555666224405666244400686224440886244400086
4|SB1|9|2|222228833222288883112888583111115583111115883777105033777000033666640443666644443
3|SB1|9|2|228888888622288555622384455663384445633388841733380001778380001778888111777888881
4|SB1|9|2|000004444888000044885000244555070244655772224666773324677773114667733114333333114
3|SB1|9|2|188845555181844526181884526111844426011888422088833322088883222078833222077733322
2|SB1|9|2|777788888667755588666771518636771118636744448633774448633888888630008282600008222
2|SB1|9|2|222226888552526688555522688715126688711120008771100008777770400773744440733344444
3|SB1|9|2|888887720884477220844477720854477700854476000555446660333333600111336600333336600
4|SB1|9|2|225555555222500777222000777000007777000006667111186666144188868444188888441133388
3|SB1|9|2|888688883886666833888888883228518333225511000221511100721111000727141040777744444
4|SB1|9|2|555555877355558870333558870435577870444557770114267777111266767122226666111226666
4|SB1|9|2|772222222776221188766221118776221118776288888700000888330500848333555444333544444
4|SB1|9|2|666777777666667777266261117222260011242666000444800000888883003858853303855555333
2|SB1|9|2|822633344882663347882663447888663447818163447111163340555153300355553300333333300
3|SB1|9|2|564444777566424777566222707522222707522277707553887711533388711333338881333888111
4|SB1|9|2|833337772888377722833377726883333726806663666000666666001544465111555445155555555
3|SB1|9|2|000004461030044661033344661033446661033366661002365551022227511022287777088887777
3|SB1|9|2|888333331858883331857783331557771111557071021500000021544400221564600021666602222
4|SB1|9|2|111118888600818888600818588630888558630088558633288557632287757632287777632227444
3|SB1|9|2|112222225111225555122255655112666665411460335444460333474440833777448833774488883
3|SB1|9|2|888877777833822222833828252333888552388855552444551155646111005646110005666611105
4|SB1|9|2|118885566111855666108855266008052226000003226007703346000703446000703346777773346
4|SB1|9|2|222666665826655655822665655882645555311444000331111000331711110337711770377777700
2|SB1|9|2|422222213442263113422263133444763333800777333880007773880777773880000555000555555
2|SB1|9|2|888888888011184888001044448000033438500233333502223333555667733566667733556777773
4|SB1|9|2|008888666077888866007774866777444866711333822711333332771133332771155533711111333
3|SB1|9|2|111222220112222200111222220633322288663688888666655588777665558747645455744444445
3|SB1|9|2|007744888022774888022774488052277488055271488053311488553331118553366668553336668
3|SB1|9|2|333333333222233353262235555666635555666088851444008811444007881440007711440007111
4|SB1|9|2|322888888322255588332225558332325455333335444336664444166066674100007677111077777
3|SB1|9|2|224440000222244000221288800721188880711883385711183335111183355111183355666666555
3|SB1|9|2|180088844180084447180084447188887777111887777333355757323355757322255555225556665
3|SB1|9|2|888112222811111777888117777861111177666115777366005554330055554330004544330004444
2|SB1|9|2|000888888550022888550002488550022488110333488113336468133666668113336766333337776
2|SB1|9|2|044444888044441887046441187646411187666666187226611187222315887323335887333355577
2|SB1|9|2|008888888400886666444888666444233366444233336747237776777777776111555556555555566
3|SB1|9|2|887777000884774000284474330284444430284644333286664113286661113288555113288111113
2|SB1|9|2|888888855188855555168444555166666555006665555066666222000063222033333777333337777
3|SB1|9|2|186666667188886777188666774122606344112606344122206344552206334555556334556666444
2|SB1|9|2|888866600222856000228856000228856611228844111773444411773334441733334411773334111
2|SB1|9|2|777660333766600553776605553766605553766604533726444443726244844222288884211188444
4|SB1|9|2|223333338222333338223388888721111585722616555770666655770664455700664444666666444
4|SB1|9|2|777266666772246666772445556722245444744444434704344338704333388003313388000111888
4|SB1|9|2|244411111222444141252644441555644441555647771656666677666660607888630007888833300
3|SB1|9|2|774444488777754488765554488662554183262254183222555133222211113021113133000003333
3|SB1|9|2|666688888066628333006628833006222833666227333656177773651177773555111477111114447
3|SB1|9|2|511111111515113111555533134222733334277783334222783333260088888666088888000000088
3|SB1|9|2|000888888000888888077785885077785555007685111066665221366362221333362221333344411
4|SB1|9|2|777442000774462000777462200774466220731665200731165000733155080331158880333555580
4|SB1|9|2|777446666777466666773466666703444166703451111000455122088855522000855222008852222
4|SB1|9|2|662222222666662333666622311888665511487775111444755550447775550444755500777750000
2|SB1|9|2|888888800822822810222228810242488810444433110466633110477733110777755111755555511
3|SB1|9|2|881111115688818115688888155608284175608284175608284775622234775662333775633333775
4|SB1|9|2|888000666880003366800033666111003366111003376110045776122445776222455777224447777
3|SB1|9|2|533311000553311110453331770444837770448888770488888700422888770442288760422886660
2|SB1|9|2|555511111553541887553541187563344187563344880566888880526600000526600000526600000
3|SB1|9|2|888888888000855881222255581222111181223666111443366111433366171444366671433336671
4|SB1|9|2|554444444355540040355000000333106666331106266337102266737222662777882222788888822
3|SB1|9|2|225566666222555668212555688212556668111454668711444444717774444777733334700033334
3|SB1|9|2|777711111744333111744333311744555111744450000742668880722268080222268000222668800
2|SB1|9|2|888888888000048828444442228344411211333331111333351611377751611377751661337666661
2|SB1|9|2|033338888033866688038888888033888882008858222011155552004555755444475775477777775
4|SB1|9|2|777333333775511113672521133662521188622221118662220108664440008444000088444444000
2|SB1|9|2|666666666333644556834444555884448887888888877800222277800221277002221177002211777
3|SB1|9|2|777775554877755544888775554282677556222667556332366666132306606133300600111100000
2|SB1|9|2|888322222883352266833355266883757266333777666377774661307044611000004411000444441
3|SB1|9|2|775555553277755553222750503222250000242450808242450808644448888666111118666111118
4|SB1|9|2|666604444666000444566012222511111272511888272511888772551888772553333772533333777
3|SB1|9|2|556666644556116444555144444111117888111117780313317080313330080333333000222222220
4|SB1|9|2|888855555888885655222286635222266635244666633440001633744011137777001137777777777
4|SB1|9|2|444444444466666333447666333777776833557776833500006823510088823111118823111222223
2|SB1|9|2|000666666080066668081111168888888888888444858878845558877333555777223355722222335
2|SB1|9|2|888888888833322288333555288335545558314445008311400000314440007366777707366667777
4|SB1|9|2|377772222388877211388772211888477221864441111866644441800054441000054544555555554
4|SB1|9|2|111122777111332277811332227811532227885566777555566770455566700445556000446666000
3|SB1|9|2|777777766370777666370007686333307888444377581443355551423351151422351111423351111
4|SB1|9|2|677777777600000077666222225833322255833322251883322551888881111844411111884441111
4|SB1|9|2|116666666511112263550882223550888883550888883550888333550033333570733344777733444
3|SB1|9|2|122226333128886363158866663158886633558006663558066733500044773554044773544444473
3|SB1|9|2|143333333144462233144462233184466223184006233184006233184007753880007753880077553
3|SB1|9|2|888887777488007717488007117448806111448806161428336161422366666323356566333555556
2|SB1|9|2|777777777787800017888801111883801111833300112832222222844422525866225555866666555
4|SB1|9|2|778888888778868688777466611334444441532211111533221111535222110555200010555550000
4|SB1|9|2|222111133221140137211440337221140337266600737266600777255500787550500087550000887
2|SB1|9|2|661144444681111144688101044688800034658800334255000434252777444222727774222227777
4|SB1|9|2|700066666777000066777004066227444436222444436222111433285511433285551133285511113
3|SB1|9|2|000066666070000677077444477777777777337175587332155587322155588322122588222222588
4|SB1|9|2|111155555166222255166626655144666555134465555134460005134444755338884777388888777
3|SB1|9|2|551188888511118822555558882444555522444775322440773332400677372406677372400677777
3|SB1|9|2|555444408544444008554434308555333338888888888866666818888266111877221121777722221
4|SB1|9|2|777733366773333666443533366444533366444550006444522166888521161888222111822222221
3|SB1|9|2|000033333600111333600001233640011223640012233444412223474715283477775583555555883
3|SB1|9|2|777773333461772333461772235461112335460011885460011885660011885600115585666155555
2|SB1|9|2|888888888886664888850644444850004144850033174250003174222033174212331177211111177
2|SB1|9|2|222644440226644000666664440166644400161447450111117453188337553888833533833333333
2|SB1|9|2|455555566445555666425275663022277663002277663002771133008771133088881133088881133
4|SB1|9|2|888888888776666648277766648227755648022225448002525548005555544001115443000555333
4|SB1|9|2|333333333444338888400088878660027777600022777666022777655022222555222112511111122
4|SB1|9|2|888444333258554333258554433255554433256711433266771413267711113066710013000000003
2|SB1|9|2|777770000777700222770006333755186333755186363555186663455188333444118883444488888
3|SB1|9|2|411100888444100885441110885441100885411100385417766385277763388277666688227776888
4|SB1|9|2|888800577888000557880000557222222557663322257663337777666317777661111147611111444
3|SB1|9|2|523333444523888884522288484222228444222888884211180664111000664171700064777700666
2|SB1|9|2|555555555111150005116100008716800088776888883726888333222833334224444434222222444
3|SB1|9|2|111800000118800044118804444118700004166703054666773354666773255667777222666772222
4|SB1|9|2|100222222110222555110322565100322666333322267343322267443388227443882277488888777
3|SB1|9|2|488882220444888000448880005444800555777705555711755335771633355761666665766666666
3|SB1|9|2|888288883882228883888888843811114444851514444855550004557500004777770064777766666
4|SB1|9|2|446633331448663331448666311488663311488827771005522771055522711005527771005222271
2|SB1|9|2|666888888666648111066448171044448177044411117555552117533522177333327777222222227
3|SB1|9|2|822555544882253841882333841082232841082222841088888811666877111666877771666111111
4|SB1|9|2|111112220881122200888111200777212266777222666775566666445533366444553333445533333
2|SB1|9|2|088663334086663344086066334086043344000044444200041474200221174222221174555777777
4|SB1|9|2|866666664855556644885588664388880660333880600333300007331320707111320707111322777
2|SB1|9|2|444400006344440066334300068333333088523233778522237788522211788522111188552211188
4|SB1|9|2|003338882003333182003131182771111222711111222766661122765644442765666444765556444
3|SB1|9|2|555555555188844444100044334107000336117333336117363636177766666177222226172222266
2|SB1|9|2|000000000055550000557572220357777822355777882351746682411744682417746688444444688
4|SB1|9|2|625577777622557777662257877622055811440058811440088011443000001443000111333333111
3|SB1|9|2|711111155771111555788841155788844435728044435228004335228064635228866655228666666
4|SB1|9|2|888811111886666611082226231000022233777032235770033335700055555000000555004445555
3|SB1|9|2|400111183405511183405511183445561163455666663442666633442677733422227777442277777
3|SB1|9|2|866666644862666647822264447222266647121556777111566677515550637511500037555500337
4|SB1|9|2|773332222773332222773331000773311000886331000866665000866455550666455455664444444
3|SB1|9|2|555011166550000116522222126533322226543422666544422676548222776588828777588888887
2|SB1|9|2|662277444660227744660227774360227774366828774336888577338885517338885117388855517
3|SB1|9|2|223338888233033887222033877220008877244007777444501117444511117444555111444566661
4|SB1|9|2|677771114666771144367701044337700004332750004332250088332255088332255588332225588
4|SB1|9|2|777770055333777052363470052366470052364470002864470002844770122848711121888777111
3|SB1|9|2|888888887883338877333338877155518877115116867111116664110224444000024224000022244
4|SB1|9|2|888882244888222144882221144583331114583333714588033766580007766580007766588007766
2|SB1|9|2|888888888888555568111556668111166666142266767142277777143277077133333070133333000
3|SB1|9|2|448888888344177778331111177333010277330000227336652227336555527666777227666777777
3|SB1|9|2|333333335666335555676555511777411111474421121444422221400400222000008288888888888
3|SB1|9|2|777711111777777111448882221488888888446666558433366558433366558433000558333000888
2|SB1|9|2|337777444333337477222337777282337777688877757677775557600066661606666111666666111
2|SB1|9|2|511111666553331166555431166554446166522266166572206666572200686777200086222200086
3|SB1|9|2|111166666141167888441167777441167757444160057444220057433220057433220255433222225
3|SB1|9|2|188866666112266664111226444111126444312226400313226400333220000577750000555555550
3|SB1|9|2|886111000886611000888611500887771500887771503222225553224255553224225533444443333
2|SB1|9|2|888441111884400100844440100833340000835222070835262770855666770855555770855555777
2|SB1|9|2|222266667242222677444227777444227337002227333055287313055881113055585113000555133
4|SB1|9|2|555555555655525225666622225646621200646441000444441100474711000777783303788888333
2|SB1|9|2|771116333711166633715111133715114133885114433880004333880044323888004223800004223
4|SB1|9|2|000044488011547448001557448611557748611118848661288888611228333611128332112222222
4|SB1|9|2|355554488355524488335522448333022288733002266733001166733001166777001166777001166
4|SB1|9|2|777777777333787777337788887111880007111111000144661020114662220144622222444555552
3|SB1|9|2|333388222303338888000378778003377777606777777666747177567741177555444111554444411
4|SB1|9|2|555888888755528888755224488775222488170244468110046668110046368110033366133333336
4|SB1|9|2|888888000585811220585881200555811220775833200788883260788833666788333363744443333
2|SB1|9|2|011111111077178811007775811555555811888888881222384881244344861224334861244444861
2|SB1|9|2|448888888442668888442668118442161111455111111775551111775533101777533300775553300
4|SB1|9|2|444332222446633222446633222006633311066635511008775551088755551888755551888771111
4|SB1|9|2|445555533455555336445553336118000336188080336188888736182282776288222766222222666
4|SB1|9|2|888888888858088778858008777258000377222003337222233333222114443666114433611111433
4|SB1|9|2|111555444801115474801155477800154447805555477800003377860003327660033322666003322
3|SB1|9|2|888882222648845022644445022643445027643330027661130027161100007161110007111100777
3|SB1|9|2|888888888585666678555617778530611177530612227530112277530222227533322247444444447
3|SB1|9|2|225334446225334666225334666255334886055333886055377788055337188555337188777777118
3|SB1|9|2|044444882000446822700446882700466811700466811777778811333388811333888555333555555
4|SB1|9|2|300022227330022777300022777335222277655522887665441888665411118661441118661111118
3|SB1|9|2|333333331222333311555388111545388866444380886444000666400000066444707766477777666
3|SB1|9|2|888700000848755570448775770448877700444886600414826666411226363411223333411223333
4|SB1|9|2|888888888855558877888000777830000777833006647830006647333006447232111144222111144
4|SB1|9|2|444444455111554455171055555777053335770003335777000088200088088222008888222066668
4|SB1|9|2|888255777822225577886263577886663571840603571440003311440003111400033311440003111
4|SB1|9|2|111222257001225557001225557000022555000023345060023345066633345083333445088833445
3|SB1|9|2|444442225444442255334422255331166225311176665331177766881170066888880066888888066
3|SB1|9|2|422226333422426666424422266444122666111127776111827776188888076558580006555588066
4|SB1|9|2|522228888552288080522282000555222033667727034666777034611770034111744044144444444
4|SB1|9|2|111111111866166111866666110884466210784462210774452200744552230745553330555553300
4|SB1|9|2|333336661333337161353777111555477011554470000444480000448482020448882220488822220
3|SB1|9|2|446666777446626877466222887441111877441011887411000088333555088555555008555588888
3|SB1|9|2|333888888738888188777718188665411100665444110655444100665441100655411220555512220
3|SB1|9|2|773366661773366661744336611774866211044888221044444221054442222055455222055555222
3|SB1|9|2|770066442770006442377006422377006662333006862000006882505506882555506688111106888
4|SB1|9|2|666666666333366116000666111088811111088817171080077777000447747555444442552222222
4|SB1|9|2|665577770664551770664451170644451100634551000632251010338211118338288118888888888
2|SB1|9|2|001113333200011111222211118222217718662477778564448878566644878566648888566688888
4|SB1|9|2|822277777882277111822271116882211666522316666523334446520004466550004446500004446
3|SB1|9|2|888887771280877711200777711220007755230337555333337565444437566444477566444477766
4|SB1|9|2|488886666448877760488807660488007000511000030551222033511122003511220033551200003
4|SB1|9|2|055511177000555177006455177066455117664455117664477777366422787333222888222222288
2|SB1|9|2|555566888456667788455677778445666788444462788444362718433322718333332218300022111
3|SB1|9|2|888888887188668777118667772148862222442222222440000522444005555444035335000033335
2|SB1|9|2|477777777476777771476666711466211110442221100445558100455588880553558080533300000
3|SB1|9|2|000055558000553388500533388555513388511113377541217776444227766422222776442222277
2|SB1|9|2|077555555074447555077747155077777155777726155787226665888266635888266335882226635
4|SB1|9|2|688855000666885500616888520118883522111833322141733322141733332444733322447722222
2|SB1|9|2|005777776055537766003337766003338766088888886082224816082224111882444111882444111
4|SB1|9|2|111333366113333666110557686000057788000557788400552788440822728400822228400888888
2|SB1|9|2|522233333555223333455226663455222677455587777441188777441188077411888007111118007
2|SB1|9|2|311111777311411722311447722444444222400444222400044622808066662888856666555555556
2|SB1|9|2|543311117543311117542331177552331777522227786552026886552066866000006666006666666
4|SB1|9|2|000888887000022877400442887444422887544422288556433388556631333556111113555111133
4|SB1|9|2|777777558227777588244447558242244566222666666222636666200033666211033636211133336
4|SB1|9|2|775566666755551661755331611733331111773311111008881111008222141008882241888882441
2|SB1|9|2|888888888886661111855540111850440331250400731250440731200000731222207733277777733
2|SB1|9|2|666664000656684400655584400665584477635552777635152777631122277631112272631112222
4|SB1|9|2|002222222800021122880311132850313333650333443655534444665544447666647447677777777
4|SB1|9|2|666666666111666555411666555441703335477700335447770335444000335888220033882222233
2|SB1|9|2|033335555033355555037375555007777576088847776044447116224441116222221116222222166
2|SB1|9|2|666633333556660088558600888558800088558888888588222222117772442117774442111774444
4|SB1|9|2|111222225771112555771122256777112656333222666303282288000282284000888884888844444
3|SB1|9|2|666677771666671171622771111622271551624275533644285553442285333444885553000855553
2|SB1|9|2|555888887555558877655557870664447770614223700112223000311333030311133333333333333
3|SB1|9|2|880000000866660000883333037333333337353333777554437717555421117552422111522222221
4|SB1|9|2|335522222388557222338557722388057722330077722446071722446071112446006111466666661
3|SB1|9|2|455551111456555112446652122066552122005522222000007272080877772888833377333333337
2|SB1|9|2|555333338255533838255553838250588888110666666110007666110007776011007477000004447
4|SB1|9|2|444777777441787877411787877411188807440000007333300220633302220666300000633355500
4|SB1|9|2|222000555202200557200005557888888887883344487866334777886344177866111177861111117
4|SB1|9|2|133337777111133777188133677888886665828288655828285554822205454222000444220000044
3|SB1|9|2|755555555775555666777555666777754616737354116733334111883834221888834222880000022
4|SB1|9|2|117777777311744466311444466311544466310555468320055668822005568822055668888888888
3|SB1|9|2|666660000555660003855662033855222033855222003457722333444722233447721331447711111
2|SB1|9|2|777744444007884144007884144008884144000881144633385124663555124666655524555555524
2|SB1|9|2|333225777323255771322255711322255411322255411330554488300054488336004888366644448
3|SB1|9|2|888888888822822788442227777442557777445500737644550737646650337666555333665511133
4|SB1|9|2|844422226888422626884446666888888886877788066857000006555555000511153333511133333
2|SB1|9|2|222111777282111188881118188888888888888000888834040868834444466333545665555555555
3|SB1|9|2|222000001422211101422216111462616663666666633556663333858887733855877773888877333
4|SB1|9|2|222444466232046666332040606300000006300000666310807766110807556100807556110877555
3|SB1|9|2|283344444283346644288366604222336000222266000227776000211166050222115555221155555
3|SB1|9|2|888866666880876665800077665880773555844433355844443335222433355244441315222221111
3|SB1|9|2|622224444666244040622240000222280008555288008555588888111587778111577378111333388
4|SB1|9|2|777255555772225533774445553704144553701143333000113633011116663000116866888888886
4|SB1|9|2|377711116337771666333555666335505565325505565222505555882005454822204444888888888
3|SB1|9|2|333310066483311006488331106488331106487550006487552266887552266887552666888552266
4|SB1|9|2|661111111666110111550010100555000000522288807222448777223344777223344447233333477
3|SB1|9|2|444422277111444227144444227440443377660043377660043357600033357600033355608885555
4|SB1|9|2|111188888110008888110066668117076666227776646227335644223355444223355544223555544
3|SB1|9|2|800011114888871114888871144822871144822871444552811143522866133552866133552886333
3|SB1|9|2|888881111838800011837700111333770001353370011353522221355552241344444441366644441
3|SB1|9|2|244441111266644411228444441288888444288788777280777777200055337220055337225555537
4|SB1|9|2|116666666011116366001213336022217777022244775082247755088844775888888555888888555
2|SB1|9|2|444445555377455515377755515387775515380755555880705566880700066880000666222222226
3|SB1|9|2|665588888600558488610154478110155478111114478213137778223337778222233777233333337
2|SB1|9|2|777777777444667575003665555033365558003666858000066858000016888222211118221111188
4|SB1|9|2|444555558464411518666411118660418888000888888022887788028877778022773388777733333
3|SB1|9|2|466666666464633363444483333402283333002288373502228773552128773555121177111111177
4|SB1|9|2|333334455131334445111134285166122285166620085166700085166707885188777788188888888
4|SB1|9|2|466668777463888887463881887463311117463377777466372777466022557466002557660022557
4|SB1|9|2|333333333000335535070333555070736665777766665888866666484811116444211116222222216
3|SB1|9|2|736666445733366445777776645766766655716666555112006585122000085228800885222888888
4|SB1|9|2|663333777663337777666377477633344444683384114688888111650088111555002221555002221
3|SB1|9|2|222222566077723556077223356077223356074885556074888666074488166777481166777411166
3|SB1|9|2|000022277110002227100000277110000777110033377555666667444686667444888888448888888
4|SB1|9|2|888883000881133300811135500811555500811666600881166660822444770822247770822447770
4|SB1|9|2|755556666755550606751110600711100000777000000747733030744433330748442320888822220
3|SB1|9|2|777755555734444455333344455322340005322300005222330100888331110838366600333366600
4|SB1|9|2|111100000813130000813130000883336660855244466855244766858224776858888877888887777
2|SB1|9|2|665555555688022255668000055648011005648311105648331005648311755888877775888777775
3|SB1|9|2|006666662000665562700065552700466558700411558444411588444411888333111188333311118
2|SB1|9|2|720000111720000111724040111774444777777777777757766667555566687535568888333338888
2|SB1|9|2|811116000881166600811116000887155440787335540777733340777332440733332244333222444
3|SB1|9|2|333333333000238777000238888100233888112226888111256668111554466111544666155544444
2|SB1|9|2|666333333665443337665544337625444137625224131625280111622280011682280111688888111
4|SB1|9|2|522222222555122323651132333651133333661334443766834844766888844776088888666000008
4|SB1|9|2|788222000782262000786662200788862200718865200711465555111435555114435355111333335
3|SB1|9|2|000433335804443555884443335888888335888885355777785552767681122766681222661111222
2|SB1|9|2|777744446777114666757114666757111166757122228377102288337300288337308888333338888
2|SB1|9|2|666666666666622266444625255443625555433355855333338881733030011770030111770000111
4|SB1|9|2|337777777533877666533877666555887866558888864111188864222100044211100044221000444
4|SB1|9|2|666333777166643377116444377156643337156643337158843337158880027558800227888000027
3|SB1|9|2|111114444661114444655522224666662224888862000878662330877762330877060330870000000
3|SB1|9|2|444444444222411114322451111355556661335300761333300761800000761888077766777777766
3|SB1|9|2|448888888044888585077885555007785555077766665000733355010023335111222233122222233
3|SB1|9|2|666004444600034411600334411650031111655511111655588171655228171222288871288888871
2|SB1|9|2|888888888788666888778775118777755511277755510223333550233334550334434400334444000
2|SB1|9|2|777777011567777001566670001565666661555622111555622141535822241533882241538844441
3|SB1|9|2|555570333557770003155577703155668003156668833155668823446688223444668822446666222
2|SB1|9|2|688877774666887774688877074668870004668800000111880005212830055222333005333335555
3|SB1|9|2|222224443288226433288266443886661443885561433855511113885110113785550113777770111
3|SB1|9|2|881155555688115225680115522680111222680111222680114222680314472683314472663311172
3|SB1|9|2|866666666886866666888857704222557004325557704323557444333557444315557744311155774
2|SB1|9|2|111133333515113330555563000586668800588888880587774800584724440584222440584444440
3|SB1|9|2|888880000888800000366222200376622000376666606776144666777144655711144455771444455
3|SB1|9|2|888455555668445555688844155660841115220041115222000355222203375322000375333333375
4|SB1|9|2|777777777771111788771121888742221138442223338444233533444335553040055655000066655
2|SB1|9|2|888888888118558788111557770111530000122230000224233660224333600224433660444446660
3|SB1|9|2|111147666211447763244444763244544763240554773000058773080858733888858833888888888
2|SB1|9|2|111333333771133333771153355711555555771162288701664228701644288001444888044444888
3|SB1|9|2|100077777188007777118800377188803377116442377666442557666442557666422557664422257
4|SB1|9|2|534466666533446667553446667553444677852266667882261111822211011882220010222200000
3|SB1|9|2|333333333222330003283300003888360000783366050777776550466666650444416550444111111
4|SB1|9|2|000555551800005551888000561870000566777466666774466666444432266433332222333322222
3|SB1|9|2|411111888444111185244217775222217555222277755233377755333336755000066766000006666
4|SB1|9|2|388811444388111144311115155313335155333355557022266667027766667000777677007777777
2|SB1|9|2|722255555772225554722255544333333444330333444000088884010168884111166888166666668
2|SB1|9|2|522222222533362221555566121755560111778560101788660001778666441788866641766666641
3|SB1|9|2|888888888880000588680550555661155555661113225666113225711113425777111422777144422
3|SB1|9|2|556666666155556066151166066111668006722228806777738006373733404373333444333333444
2|SB1|9|2|100077333144007333114207733214205773222205733882225333822255563882255663822555563
4|SB1|9|2|666666444226667777223677007123667000133300000111330333533333383535388388555888888
4|SB1|9|2|226664444722664841772665881772265811770065818000055818330058818330055818330888888
4|SB1|9|2|788855555788855551778833511778833311788822211008022216000026666000446666444446666
4|SB1|9|2|222221188225211788225511788225511748225001448555300448533330048566000048566660044
2|SB1|9|2|111111110881176110822176610882176110822666650223666550333336650436666650444400000
3|SB1|9|2|810000000810666000818880000888288202833222222833772772883477777843455557444455577
3|SB1|9|2|118888777111668887111168877221666877255668877225468807255444407255344407555333337
2|SB1|9|2|555188888511144448551144888511100088551127778522222778566622278666662278633377777
4|SB1|9|2|000777888000077788200477688224476618244477618224476611254477111557777333557777333
3|SB1|9|2|844333333884300311844300311845003311825333111225551111255576661227577761777777771
2|SB1|9|2|003333333803333334800322234800322334800523333800577773860517773866511111865511111
2|SB1|9|2|777777777757744477555744447533331117533333227333032227300032667300022666388886666
2|SB1|9|2|220077777320077788322005778324015578324115668334416668334416868334411888111118888
3|SB1|9|2|888888888282288888222480868214440068211400068214407763514447333514477333555557773
3|SB1|9|2|266666665222266655212667665811167555837777744833777744883007447833077777000000077
2|SB1|9|2|166666666110656777110656677000050777333000777383344427883444427883344227333344427
3|SB1|9|2|558888888555558188000888188030411126030411226730441226734422226777472666777776666
4|SB1|9|2|666668888166688488163388448133354444133355400122350000122277000222227770277777777
3|SB1|9|2|444666777455556677448886677428886677222116677222110333222110303222110003222200333
2|SB1|9|2|033888777063111177063331777066331117666611777266661177221111455222414445224444555
4|SB1|9|2|444665777344655777334665557322666577322665557322055777222058817228058817288888117
3|SB1|9|2|188844444184444444188884445388864655336666625333336225333337725000037722077777722
4|SB1|9|2|775500000774555550774450000774888880744448280766662220733661000773661110733661111
4|SB1|9|2|222226661422566561442556561422255551772251111777731111737730008333330888388888888
3|SB1|9|2|333355555133333552111330502111110002188810202148412222144422622147772626177777666
2|SB1|9|2|888827774333027774303024444200024444202024611222224611525226611555555611555556611
3|SB1|9|2|110666666110006366100003336111333226184433222884433227584453777555557777555557777
4|SB1|9|2|000555557200535557200333577222833557222833367211833366211833446221888444888888444
4|SB1|9|2|888822222778812262778812266748010236744000236745000036745055033775555003777755333
2|SB1|9|2|777777888577770088555700008535778008333788888333384448323281888622281118666661888
4|SB1|9|2|660044444600000004666604444662555554222775544222733114277773114777773114788883311
4|SB1|9|2|555000001450033301453330001444438011444688001424688881427688888227678778277777777
4|SB1|9|2|688888222668883322688833333588533333558533033455540003444444003447777111777777111
3|SB1|9|2|666555555776888555777833335778888355777733355227433335244400005222444415222111115
3|SB1|9|2|555555555115545445188844455188833225168330222668330222668380888768888888777777788
4|SB1|9|2|888866666888886000858886000855550040111114440322217744311117774333117114311111144
3|SB1|9|2|844444555844848858888888888828800088222003068222003666277773366777713666711111111
4|SB1|9|2|555555888775552228777552288344400228344400288343400668333300668131000666111000666
4|SB1|9|2|666666666777646666757544446755588886775558888733322888773332828111102222100000022
3|SB1|9|2|444444443000443333222444335282484555282886555288866655887886851777788881711111111
3|SB1|9|2|222223333220005533222005538422005888421106868441116668477776688777666688777777666
3|SB1|9|2|335555552335335222733355422777554442677755422670004448677004888777111888777118888
4|SB1|9|2|855555111885585111885880110888880000828280300222283330666224440666277400667777444
4|SB1|9|2|116777708166707708166700008366668888336688848332655548322664448226666448222244444
3|SB1|9|2|044444444077774444008786644008886664555288644552236644522333114552233114553333314
3|SB1|9|2|444440000344440050333340550322225555222225515822226511876266611876666111777777711
3|SB1|9|2|888888888888111885871111155877444455374444455330000055333000022636622222666666222
3|SB1|9|2|665544444566553444556533344555553322505553222505133382500188882000118788111117778
4|SB1|9|2|115366666155333338155338388115448888414488008444488800420000000722277000777777770
3|SB1|9|2|777777772767111722766111222661133332655553022665000002665550000665558880644488888
3|SB1|9|2|331144444331444000331466600333486620333486228353486228355488888354447778334777788
3|SB1|9|2|774443333777440003577444033557433033577733332777762222711166662718666662788866622
3|SB1|9|2|555444888554444888554111828554111828357111828337778888337778888336666808366600000
2|SB1|9|2|833116777831166677831160667831100057831332555333332255333432252344442252333422222
4|SB1|9|2|577777777577444447577744444537342204533342000833322200888866600811116606811116666
4|SB1|9|2|333111777313331770311111700611221500662255500868225500888225888888888888444444444
3|SB1|9|2|222220055220000555222117755211117755211411775284416555288416335484446335444466335
4|SB1|9|2|666664448666644888111677888111677558131677558131687558131888888330002222300002222
4|SB1|9|2|111155533222111533211113333211100088241708888247788888247776668447666668447776668
3|SB1|9|2|772222222744444422754422226755556226777566666100086636111183336181183666888888866
4|SB1|9|2|888777111888877711888770111668370014633370414663370444563570244555570224777777244
4|SB1|9|2|111111226131441226533411226534417226534117666534177666500177766508878888500888888
2|SB1|9|2|888166666883115566833111566823415566822447556822447006822447006222477706244447706
4|SB1|9|2|111111111411111001415100022445550022475800022478888623476886633776886633766666633
4|SB1|9|2|733333666773336666774431116474333155444455555444888825088882825000022825000222225
3|SB1|9|2|226668888222666778226646078144444078145500078145503338155500338555000338550033388
4|SB1|9|2|555556666111555666100556642000866442000886842337788882377778222337778882333888882
3|SB1|9|2|444443333222743433272744433777777777755500777765507717668500111668500011888880011
4|SB1|9|2|088883333004877333404872223444877233554662232544662222554661121555561121556661111
2|SB1|9|2|422222222443352002463350022463351022466351002476651022771661882171611882111111882
3|SB1|9|2|111118555111318857133338857223348857222644857226664857228644877288888877000000000
4|SB1|9|2|666777771886577111866511133866551133866451133226451130226455330224400300244000000
3|SB1|9|2|366666660333326650333226550334426655114426555184826575188886777888866777888886677
3|SB1|9|2|555555555575775555777722225678832233668133333688111103888811003881111000444444000
2|SB1|9|2|556666888551226688511126688511122648551222648511107448531007444533007444533000444
3|SB1|9|2|335554441355566441388866441387886441387777111388700011387700221387702221887002211
3|SB1|9|2|588888888577883881557883381567333881666661111666611121222222221242422022244420002
4|SB1|9|2|777775888227735588227135588221135888226115588266110508266140008461140400444444440
4|SB1|9|2|666188880611118800668888880668448850768445853778445553778443333778422233778222223
2|SB1|9|2|550000666555500600255000000288888888282444778222237778223333378222113178211111188
2|SB1|9|2|555222777552227778882228888888888888000001888330001866300001886330444886444444466
2|SB1|9|2|588666666558866666558846663558841113888844113824441111222001771000007777000077777
3|SB1|9|2|788888885778811155738111155338811555333310556344440066442244066222220066222220066
4|SB1|9|2|116655555133665555133362255113360225113400255887440055887740005887440700777777770
3|SB1|9|2|000000033708888033766868333766663333766662333766222224716652244711652224115552224
3|SB1|9|2|111555555811144555811440055810044035660000035667772335677722235666722235222222335
3|SB1|9|2|777722222766662222766600022778888022758544002755544422711444442111133444133333334
3|SB1|9|2|600004445660044555660734445667734345667333338622233838622223838621228888621118888
4|SB1|9|2|666600004886666044888660044282660000222767111222777115322777755322277755322227555
3|SB1|9|2|633333333631353303631155003411550003444555033444570038444777008242772088222222088
3|SB1|9|2|555533444500553434000533334008522234008882244088811114077816444077816444078866664
3|SB1|9|2|444444447666488447118883447110883477110083577110883557110083557888883357882225555
2|SB1|9|2|444333333044355333024551133024551133025511133022222111622228871666628871666888871
4|SB1|9|2|777000002777001112777001122677501188675531488677533448675533448675333348673334444
3|SB1|9|2|111114444218444444288888888283385558283355688333000688373700688377700667777777777
3|SB1|9|2|333333333530636633550666663500666166000681112074488122477488882474442882444422222
4|SB1|9|2|222222222444442222400033332400053552101055557111885557116888777666888777888888877
2|SB1|9|2|888888888868600000866601000811111000112212220333222220555274400555774440777777740
4|SB1|9|2|777226666770422666070422286000448885104448885111448585111455555111433333444444333
3|SB1|9|2|888884443220004443222207773252200733555207773515203733515503333516566333516666666
4|SB1|9|2|111222222131112222131130000333333000344438006444448666488888866455777866555777766
4|SB1|9|2|888811166008881116000888166008888366202543336222544436775544336775544336775544336
4|SB1|9|2|833355555883335554883345444183344474181336474111366774222666674202006677200000007
2|SB1|9|2|677777334666677734668677734688873334618133533211111553221000055211005555111005555
3|SB1|9|2|666777555666617755622617555222417755444477775444473755444483735400083335488888885
3|SB1|9|2|666777888626717788226617778221111118211114008214414008233444408235555400233300000
4|SB1|9|2|888888888833778880333778770333777700311117000311444040322264445226665555266665555
2|SB1|9|2|885544777866554477886654477686054477666054447606024477000023337220222233222221113
2|SB1|9|2|888881111886841122866642122866442122664452222607755555600775335607777735777773333
3|SB1|9|2|088887777008855557608844577668884477668114477611114447633114477663111427333222222
4|SB1|9|2|000000005666600405766604405767700433777703333777703333111118333121288888222228888
2|SB1|9|2|552200888511220088511220088611220088616000088666660008664444078633344478633334478
3|SB1|9|2|888888881888444111867741111667777711635771111635722221635702201635300001633300001
4|SB1|9|2|888755555888775552848777712448711112848331112888830122668830222600000202666000002
3|SB1|9|2|777770088778800008888888888811118885116628555166622455113224445133322245111222225
4|SB1|9|2|422222777444277777644222377666552337665552388055588888005511888005551188001111888
4|SB1|9|2|000000055000005555807777555888777566827777666222177366221133333111133344111444444
4|SB1|9|2|144444446141433446111333366222883366228888336228888566228885556777800055770000055
2|SB1|9|2|044466777002446557022466657222446657233366657233355657331555557311158855111888885
2|SB1|9|2|222228111322288111322284411322287441222887411000557471055557771005557677005556667
3|SB1|9|2|000005888030855588033881588003881118033888888333822222344427772446666777446666777
4|SB1|9|2|224446880224466580222456580114455580144445580134377580133377580113777880133337880
4|SB1|9|2|000888777001848777001446775111446675111446675131444675134477775134222775132222775
4|SB1|9|2|688888888622877118622227711602277111600071111004074411054444331555543331544444431
4|SB1|9|2|777755555027225515027255115022225511003111111033311111036344444666644884666888884
3|SB1|9|2|777777774578774444578844464578886464533226664333322666332222661300022211332222221
4|SB1|9|2|777778888733552888733552288733552228734000288744002222740066612740006612740006112
2|SB1|9|2|554448822554888122544888112444488122774880022774000002774336602774366602774336002
4|SB1|9|2|222226888226666688022226588028825558028888888022881111333331177334431777334447777
2|SB1|9|2|477888888447585881477585581677555111660051111660051211660002221660000331600003331
3|SB1|9|2|882222556888222456888242456444444446344774666337777706377771006117111066111100000
3|SB1|9|2|444444333444445533141455533111475523071775523077762223078766223088666666888866666
3|SB1|9|2|881111144811211143812223443712723333772763333777766653777006653000000653066666653
2|SB1|9|2|004442771004442771044422271355552271355552271335688771336688711336668771336668711
3|SB1|9|2|888888888884800088444000388446605333422665533426665333421667773221111777211117777
2|SB1|9|2|433333388443333887445511187445511887445511087225551087255500088256660888222600888
4|SB1|9|2|665112222665511127666511227355511427300114447330884447330844447300844444008888444
2|SB1|9|2|446688888444668888444466688415522688411522638415552638422222638777700038000000033
3|SB1|9|2|111888888717780388717780338777780344267784334266684434266688444556688554555555554
3|SB1|9|2|222668888266666688255533688255534488225334480277337480217777780217777780217788880
3|SB1|9|2|122220000111214040881114440881711444881766444887776664887336566883335556833333666
3|SB1|9|2|222366666323363666333333367111538887111555587111554887771444477777777777000000007
3|SB1|9|2|666666666611166868614446888114456888014556778044755778037777728333377728337777728
3|SB1|9|2|444447777144440677111440677511400677555440677533340007333338087323228887222222877
4|SB1|9|2|688887777633888770663888700233888000233800000223455050223445550424455555444111115
3|SB1|9|2|233366666223333661233500061235504441555007471550077771550077711800777111888887111
3|SB1|9|2|466668888446655588466633338776633038776600008776880008771888888111118222111111122
4|SB1|9|2|511111111552001111522006611552200661572226611572483311572483331574483333777888883
2|SB1|9|2|666688888222688880226680000266487000666487110666477710664477510333455510444455550
2|SB1|9|2|688888844666184444661182444611182435717882335777783335778883355000088353888888333
3|SB1|9|2|888857733885557773811577733881577230811572230884444220886664220886664222866644222
3|SB1|9|2|666666666144462666111332226511332222513333282511133082771133088777730088777777008
4|SB1|9|2|557777777155553700111553300115553000122253000188853000484800060444400666444440666
3|SB1|9|2|444445555448875555688772555687772205687772205887222201887722221833111121883333111
4|SB1|9|2|225558886255555886227773386777733386007773386007743886044444886000441886011111866
4|SB1|9|2|888666662808666682408866882404888855444555551434557511334777571333717771777711111
2|SB1|9|2|222222288772626688077622668006666688006006688000004638555104338151144438111144488
3|SB1|9|2|447777777455555767444255767444222767043277768003337788011377778111117878117777888
2|SB1|9|2|333366666331116666345566006345556006345500000344222877442288877244228877222288777
4|SB1|9|2|004446777002246677022446677002255775202225575222225555833325551888811111888881111
3|SB1|9|2|261117755268114775268314445268311445263311145266301445666304405663300000666330000
2|SB1|9|2|533333333555534343552244444582228844788888884780001144788806114786666614786661114
3|SB1|9|2|477733333488883333488488330448444000444440020544462220516466220516666220111111122
2|SB1|9|2|111111266771112226778010066788000066778004466378004666374444446355533336333333333
2|SB1|9|2|433333777436663377433633377225553377222233307222211307882111107888811007111111007
2|SB1|9|2|663388882666338882666031182000033182000431182554433882544447822554447882544447222
4|SB1|9|2|222000888220000088220077088327777885333337555333337555344411156344411166444441166
2|SB1|9|2|775555555771115555770033355000000355002006335222206385246666885446446685444466885
4|SB1|9|2|444440000222443030282333330882666680888888880887778880857771880857771888851111111
3|SB1|9|2|666660555636000005638000555638882225638482125638481115638481855338888885377777755
4|SB1|9|2|555544444555544444555566664333366668223388688222338888222100088777110000777111110
3|SB1|9|2|807733311807773311807773311857743311855444461885546661885544661882224261888222261
4|SB1|9|2|000066333444006633440006337222006777220066117222008177525088111555881111588888811
4|SB1|9|2|666662444666622444060662222000012125300111155301188885331118885111188555117775555
4|SB1|9|2|333322224733332244733022244700000888700000888777666888771166585771166555711116555
2|SB1|9|2|888477773844444723841144723811677723811677222811687022888888022585508022555500000
2|SB1|9|2|844444446833344766883377776833277171833227111838211111888888811000888511888855511
2|SB1|9|2|022283441088883441006833341066883441066888811066858711006857711666855771688887777
3|SB1|9|2|224477777224473777222473557244473355888077351888071111800011111000016611000666611
4|SB1|9|2|888777000888717000288817040228111440226314444226334444226335444266635454666655555
3|SB1|9|2|000666666330886466300086466300088446333884446355784466757722416757772416777222216
3|SB1|9|2|488888885408122555408112555408122255408333355408833375408883375400833777406663777
3|SB1|9|2|066688888006682222066688222064888872014483772014483575011483555111888555888885555
2|SB1|9|2|683333333688442332688842322688842222622222222675522002677500002675511000655551110
2|SB1|9|2|777778888701178888000111886111111386111333336115353336125554666122544464124444444
3|SB1|9|2|888882777666682777444282277454222277455552207455500007433311007333311007331111007
3|SB1|9|2|088844666000874666008874416508574416555554416555553416552333411322223311333333111
3|SB1|9|2|088888888081113868011223368012223368002423368054447368554447368555477368444447668
2|SB1|9|2|220000000620205000622235008623335008633435508634448888337448888777718118711111118
2|SB1|9|2|112200006112220666112220666122220066722223366752544368755543388755548888555558888
3|SB1|9|2|588877774558887744555884444550664444550664324550666324500622324511112224111112224
3|SB1|9|2|333888822338880822333380022111888022514400002554400077554466677554466677444666677
4|SB1|9|2|033333888000303888000003888001177766100177766111177766122224555222244555224444455
2|SB1|9|2|500444466550444466550033366550033326800033226888888826887778826817788826111777722
2|SB1|9|2|888886622866666622888888882833382222511111172555551774555541174000541144055544444
2|SB1|9|2|577777788555277888655227788655277783661177083664110083644110088664811188444888888
3|SB1|9|2|011111111006611113706663113706633333700662223774888555744485555784888555888888855
4|SB1|9|2|888111116288111166228777766222277775222055555200005555200033333244443333244444333
3|SB1|9|2|888666666228200666222220667225500667555006647555556647535534444535333111333331111
4|SB1|9|2|555557777445777887455527887455228888444422888404422333400621111006611111006661111
2|SB1|9|2|088222224008112244088122246788122446788112666778712656777776656777366555773335555
4|SB1|9|2|331111115338112225338122225308122245308662445008682845708688855778888855777778855
4|SB1|9|2|211117755222177555821175555881118888888888608833333608443636600433666600444666000
4|SB1|9|2|001111555000111555302222225332272226833272666833277766883277446383227446333777446
4|SB1|9|2|688850002688855002686885002666855522366855222388877772388887777333841711344441111
3|SB1|9|2|164444444166664477163777447163337777133328787113328888115328008555500088555555008
3|SB1|9|2|666633300111666300511666300551166000555166480557664480577264480772264480777264480
2|SB1|9|2|877777777887557557188555555118560005188664445128664445228683445288883343228888333
4|SB1|9|2|772224333772244663872244663877440663877000033887000035887110055888111055811111055
4|SB1|9|2|888886655808866665000846155774444115777743315727743115727733555727333357727777777
4|SB1|9|2|555444888665544448655544228665004228165300028111330228111300228117000888777777788
4|SB1|9|2|777775888777755588444711188444711118434700088434700008434888888336868222366662222
4|SB1|9|2|644455555664885005664485055644488055666311555226311111233311171222327777222222777
4|SB1|9|2|555555777222257777211233773111333333411113366411810006444811666488866666448888666
3|SB1|9|2|844444776814424776811224276111122276111122576115555576100355376003333377007777777
4|SB1|9|2|444888888344405588344105588331100558111117578116177778166677778166672228166622228
4|SB1|9|2|333333344228886344122286334128886634121866334111866654770066654700066654777066655
4|SB1|9|2|888888888885551888885311111833301011333000041373700441777700041222770644226666644
2|SB1|9|2|155033333150000323150002322155602332166602222886622722866647777884647744844444444
2|SB1|9|2|777777888476667788476666888466223338446222238406612338400111338505555588555555588
3|SB1|9|2|111666004116666604115655504115555444855554444882224744877774744777777734777333333
2|SB1|9|2|111155888111165588100166588101167588000337587000377777220333747223334447223333447
3|SB1|9|2|337777000137700000133777402115574442155572242555572222588576226588876626888776666
3|SB1|9|2|775555555177755545117788845137748445137444445333342244336642224366644244364444000
2|SB1|9|2|881777777881775577481155557481111552488888882440002822466622222666623222633333332
4|SB1|9|2|013333377013777377011177777001122287001144287001444488551644488556644884556644444
3|SB1|9|2|000000000005500888555408888664444888664344828666341122667344121667311111777777777
4|SB1|9|2|888888888744488838704483338704033633700033666771035555771555252771555252222222222
4|SB1|9|2|778888888377888888376666688333226888330022228300002528330005558111144558114444444
3|SB1|9|2|830000011837070111837777171888877774858777774255557474256666444226664466222266666
4|SB1|9|2|557777777555550077444550007444550800411100822316688882366688882363388282333338222
3|SB1|9|2|677777555644775555644445553114444533144445533111145883100002283000022888000222888
4|SB1|9|2|443668888443668000443688888443668818533266618551226618551216618551111118777777788
3|SB1|9|2|222222222000222822101772882101172822111772888333444885334444885333344455366666555
3|SB1|9|2|333311111336661112338661122888660222858800772558400772858400077888407777888000777
2|SB1|9|2|111114444511111334555111334757003324777000024777008224000008224000008224666622224
3|SB1|9|2|446666666144466336141106333111000038777000038757007338757777388755528888555222888
2|SB1|9|2|433331888443311188433000008448800008548888888558822222555522622557556666557776666
4|SB1|9|2|555577777586777077886667000888663333866633113888633113444111111444122211411122211
3|SB1|9|2|000000661700026661700226331722236333772333333788843333788444443788844333788855533
3|SB1|9|2|888333166883355116888335116788835166728844116722846666222844006244444006222400000
4|SB1|9|2|744444441774041111744000211777202211555222616585226666582222636888266636822226636
4|SB1|9|2|667774444567677441566674441567777741566007788000008883000000883002003333022223333
2|SB1|9|2|777777688770776688070722688000222288000024284111044444111154443155555543333333333
3|SB1|9|2|337777777233170077222110070882210000822211110882244111666244441656445451555555551
4|SB1|9|2|333366666300066616000000111004005555044442225844422555888222555878727755777777755
3|SB1|9|2|222222220444482880434882880435188880435188080535170000555777777575777777777766677
3|SB1|9|2|885111700885311770855311170853317770855567770855266400882226440882266440882226440
2|SB1|9|2|777662888766622288766222288776200008776240004756544444755544444555553334511113444
3|SB1|9|2|666666665440166655400116355440188335000008333000008883228888788278778777277777777
3|SB1|9|2|177777777118787755188888755000666555000066655000066655033366455066662444222222244
4|SB1|9|2|444422222004422222000777727008677777088676673058666633058866663058111688058888888
3|SB1|9|2|335522222388555211338555211368855221364045111664047771644044771664044471444444771
3|SB1|9|2|311116666331166666838116666888777777844770772844000002844455502844550002885555500
3|SB1|9|2|566666444557776644557726644322228644333888604333188004311188804331118804311188004
4|SB1|9|2|444444448744554488777554448735554888333255588333221518222261111262660001666600000
2|SB1|9|2|222668111266688114266668134266688334266683344255553304252553304222553304277770000
4|SB1|9|2|888884444380000444388770044387700004385702044355552024335622224366612122361111112
3|SB1|9|2|111111111774416666744416886774888886774855586724055366224005366244055336223333336
4|SB1|9|2|666655333722665553726605033726605031726600011226608111222408811224488411222444441
4|SB1|9|2|116660000111666770111677770227777344288855334288553344285553334885553344888553444
4|SB1|9|2|004433338054444438055542438055542338075582838077582838078888888771188666111116666
3|SB1|9|2|222333333642220333642220003642200808646000888666088878665111178565577778555777778
4|SB1|9|2|000011888077001888770011828371111822377411828334466888355468884335468884555444444
4|SB1|9|2|177766666172726666172220006177720066117222066147388886447388886443338888443355558
4|SB1|9|2|555555523562522523462222523464222223444772833444077811040077811040008811000008811
3|SB1|9|2|888833333822833333222844373552844077555844007555888077655881117666611117666611117
4|SB1|9|2|655555551666655511666657551006077111000077777203347877233444888243488888244444488
2|SB1|9|2|888888888808488878008488777304477717334111117333316611222255611252556611555556661
2|SB1|9|2|788880000788800066758880026758111026758441026558441226558481826588888866533338886
4|SB1|9|2|400111171440001771440011171600001111666051512633055522633555582663388588633388888
2|SB1|9|2|844444444855464444885464744555666774277777714222221114200011114200011134000033334
3|SB1|9|2|000888888008858888600055887666558857661555857611115557114442222444422223444443333
4|SB1|9|2|356666667355516777335116766335516766344566666344422266888882220088822020000000000
4|SB1|9|2|775588888711558882771158822111558822130022222330002262330666662330064466000064446
4|SB1|9|2|557777777655553337665533377611333332611132222001122222011444282001114882044444482
4|SB1|9|2|711188888777118833777718833774111833444116333244006663200005553222025553222222333
3|SB1|9|2|666666666676455556674445556874455055888450000833110220883112200833312000333322220
4|SB1|9|2|111668888166688888165555877255557777235377707233377707222300707222240000222244440
3|SB1|9|2|877722233888722223888772333847755513847115113844411111844460111844460001866661111
3|SB1|9|2|883333666844443666884443366881110336881510366771510666077500226077500026000000226
3|SB1|9|2|111666666171122626777122226471122228443228888443208558433200588433305558444335558
4|SB1|9|2|777777777000277337022272333552222263555266663552228683111248883141244888144444488
4|SB1|9|2|001877777011888877011488887001485227004445527044555227034466677033466667033366777
3|SB1|9|2|114666666144460666116460656666460055866665553877765353827766333827726332222222222
3|SB1|9|2|222225555728266665788266555788886665000066665110066444110034444111034443133333333
3|SB1|9|2|055111333005511113055551333005543338077544438667774488627224488622244888222224888
4|SB1|9|2|111448888111148884111444444151140000553322000553322000573372000777777070666667770
3|SB1|9|2|777777776877112666877712266833712266333777266333336666353444000355544400355444400
4|SB1|9|2|866666666866565226866555226867770022884470002884440022888111002833331012333111112
3|SB1|9|2|668888888566888788556777733555533333551333333211103333220000043222200043000000043
2|SB1|9|2|222200555828330555888330055883330055811300055811106555117776665144477765777777775
3|SB1|9|2|344477777344444447345000777335000000355002202368002222368802112366801112668881122
2|SB1|9|2|155555777110545577100544777130554444138888484133688884136688288136662282112222222
3|SB1|9|2|222288888111288888110278777310477777300444477300464445300065555300666555006666655
3|SB1|9|2|078888888077858888077555555077755622777465662444466622443466622443411112333311112
4|SB1|9|2|558888112555558812755588812777786882774736662444736222004336222000366222033336622
3|SB1|9|2|007777772700072222777772222373222252333255552365555858365454888366444888361111888
4|SB1|9|2|478888888477766818470726618400226611400226616400226666433326665333366555333366555
4|SB1|9|2|444444881477440811337400811377420811337428888335222888555522688555222668555566668
4|SB1|9|2|366022222360000222360000722366000777316777777311574747331554747311584444315588888
3|SB1|9|2|144447777112444477512246677552246667552266867522288877500883777550333737000333333
4|SB1|9|2|888888444111185444171185440177185550377783650337883600333333660222333666222223366
4|SB1|9|2|000333333660018333650118833650118833755544883755554843777554443277724444222222224
3|SB1|9|2|777777770333177780221177880221117800221518800211514800221554860285544860888888860
3|SB1|9|2|866666777884466777588466733544411773550221173500021173550021173555021773500022773
3|SB1|9|2|000000001500044011550844411555877711558877766555876666353277666333227226333222222
2|SB1|9|2|000007733500077732507007332557077332557777332544622222544661282144611182111111888
4|SB1|9|2|333881111388861111336661155466665555466455555444405557444407777222207077220000007
2|SB1|9|2|277881111277881116278851066775550006577750046557755446555554446555555466553334444
4|SB1|9|2|888222256182222256188822256111555555111115455101144435100004335000444333077774333
3|SB1|9|2|111116666000016146070011146077344442777344242777344222733332222788355222888885522
3|SB1|9|2|244588888245558888244555800664555800664555000666355001663337111363337711333777111
2|SB1|9|2|888884555828844445028333445028444445088864115000864115008864115008767775077777775
3|SB1|9|2|304444888300044488333444448335552488733552168735522166755552166775522666777777666
4|SB1|9|2|888880003800000833888888833811188443116144443166664444666665554777722555772222222
3|SB1|9|2|222222225774442555877442225888442355868633335668633333666603313606601111600000111
3|SB1|9|2|655744444657704444655700443555700333555733333587733323588731323887731323877711323
2|SB1|9|2|666888888166277888160227888100277338110003335140300335144333355444443355443333355
4|SB1|9|2|550066666554000166554400116555400186544400886543308886533388777553227777522277777
4|SB1|9|2|044411111000444411004444411663333411633355471663335771233355871222885877228888877
2|SB1|9|2|888887444888787740887777440554444440566643000555533033151533333111232322111222222
2|SB1|9|2|777600444776660444777560044555550044525520044222220344282233334888811334881111114
4|SB1|9|2|333444440333334000111354460171554460175554568175444568175555558772255888722222888
3|SB1|9|2|555555555544450050442400050442228000688888830681118330681711730681777730888877330
3|SB1|9|2|330000777322220777355000077345555077345450077444455077411556687111156687111666887
4|SB1|9|2|886633337888666337555556737445566777455666666445522666415522262111020222111000022
2|SB1|9|2|888443333874433303877333003577771000555711010255561116225261116222261166222266666
2|SB1|9|2|888881333887711133887711133887744423887754223867655522866665222800665522800055552
2|SB1|9|2|777655555766665115736635155733333115733221115783221005784244005784224005744444405
4|SB1|9|2|333888888311288888311228888311126600314226660444256600447755550444755000444755555
3|SB1|9|2|657777771655557111666777011336667000233337000233337700244337780444437788444333788
4|SB1|9|2|666550044666555044666550044666550022111111222111111222188333777188333377888333777
3|SB1|9|2|557774111557774111057074411000074444800074666800077666802073333822273333222333333
4|SB1|9|2|333000888331008888111100877111104477522104447522227777555557777556555677556666667
4|SB1|9|2|722200000777222220777222220731144400333114444331166684111116684111666884155556644
2|SB1|9|2|777666655744666555774666005744333005444030085400000085444001285141111285111111288
2|SB1|9|2|111166668551116668555116668577116666777733666737334000233334400223324000222220000
3|SB1|9|2|660000888665550888644540088644440008664000088117700038117772338112772238122222338
3|SB1|9|2|888877777887777771887711111855566141886666141222236141220236441000236344333333344
3|SB1|9|2|555555555525655534223633334223633434223331444770001884700011884700011184000111184
2|SB1|9|2|405222222405555228400555228440552288440055288441057268411377268413337268413333888
3|SB1|9|2|228888888255878788225877778625337388625333384605388884601111884606166444666666444
2|SB1|9|2|666222222066688244006688244066684244665684444655584344775773334777777114777771114
3|SB1|9|2|115500000615550808611500888611550088611522888414442228444442228444333238777773333
3|SB1|9|2|844444666884446688888888668885828888755522011755520011773520011733370001777777011
4|SB1|9|2|333366666733300626777700622770000222777002282711588882715588882114548488144444448
4|SB1|9|2|188888880161188800166187880166187877111117777222277577223344575333344575344444555
2|SB1|9|2|666666666444426666414226000411122000441552220843552000883552700833557770333557770
3|SB1|9|2|881117762888177662851177662855177442854147742884447442880044422000034222000333332
3|SB1|9|2|433333388444444388141143388111117330515117730555555770225577770226666677266667777
2|SB1|9|2|555555555551111555111111000122700040112744440222734444233333334888366634888666644
4|SB1|9|2|555555533711554333771154333771664444776664004886644002866600002882602222222222222
4|SB1|9|2|600084444660088888560088728560087722555537772555533772151133722111133772113333772
3|SB1|9|2|444408881342000081342222881344222611332226611337766611337756661333756666377756666
4|SB1|9|2|006666777006666733005657733445552333411122333411142883444442283442422283442222883
3|SB1|9|2|223300111226330001226833011276833001778800001777800551778804551778884551778844451
3|SB1|9|2|447111122437771122433371112443571022433551022663558022663558002665558802655555002
2|SB1|9|2|488888888444477778447777171455577111400066661400006221466666211333662221666666211
4|SB1|9|2|122222222122266228126665528220555558400088888404488788444488787488887787883333777
2|SB1|9|2|111144444113133444153335044155555044555500024578822024577882224878822222888886662
3|SB1|9|2|666666666060626626000422626040442223044443223188843333111177777111777577111555577
4|SB1|9|2|666666663111366633111333333444433353044455553000005555080077752080000252088800222
2|SB1|9|2|558888833658888433655888443665884444665884444115522224111027274110077274111077777
2|SB1|9|2|288155555281115505281155500288115000771160030771666030776633330776634333776634443
2|SB1|9|2|888000333558070333588870033577777003557777003527226033122266643111166443166666643
4|SB1|9|2|003333333700733333777723222774722222774488662444448866144558886111558586155555566
3|SB1|9|2|335555000835355200833352200833355211883711111877711111777416161774416661777466666
3|SB1|9|2|111333000441363000411363300418666330888622300888882320788882220777782220555555550
4|SB1|9|2|666666667222655667233385667213885067213855007113355507113455000333440000333440000
2|SB1|9|2|488888888482226808482266608447776608457756608555550008551530008311133300333333330
2|SB1|9|2|777771133444771113777777133775771133755022233785026663885022263885022263555555233
3|SB1|9|2|666444444864454444864550044888150044811110004831170774831177777331117222311122222
3|SB1|9|2|555555344155113334111112334888122034888822034888222034868827044868777084868888884
2|SB1|9|2|666677777556888777556688477556080477550000477220100077220110037220103337200000037
4|SB1|9|2|554444443155444443154448483117748888117778888117728868000726666000226266002222226
4|SB1|9|2|777778888774777788444444881466111811466611111660333133600033333005552232055555222
4|SB1|9|2|000277777400272727402222222444422222444446682455546882555556882151333388111333388
2|SB1|9|2|111188866444118666444888866444448866322248556333337555737737750777777000777777000
3|SB1|9|2|444444555488100055448110025448122225488113255887113335877117355777777755766666755
4|SB1|9|2|001177777000111777040551177444358887443358887444355887222225857262255557266666657
2|SB1|9|2|442227777422220777442200075442200555882200565888236665833333665811336665113366665
2|SB1|9|2|888888888870088111874008111874003311864553331664455533644555533664522523622222223
4|SB1|9|2|557777444577744484588888888588822838511222638111116638111166638101166638000000633
3|SB1|9|2|555551222555411122855444422855544422875004002870000006870000066873303066833333366
3|SB1|9|2|844444777800004477805555477665555417265244417262223317262333117262233117222223117
3|SB1|9|2|777777006877333306885353006485553366455533666455523166422523116442223316422211116
2|SB1|9|2|552222222855332272855333372855777777551111777541116667541166067141106066111100006
3|SB1|9|2|442222222844228000845288000885558800888888866117786666117733336117773666111733336
4|SB1|9|2|888445566384444556388845566388444406383400400333300000373220110377221110377221110
4|SB1|9|2|555555666255566664222566664227744444277744440277700000771110000111888333188883333
4|SB1|9|2|744444666772448866722448666222248886225243816555543116055443311000043311000333311
3|SB1|9|2|555555555556555000566664040555444444515177774511177774522228774532228784333388884
3|SB1|9|2|444888888446688822466668022446688022446788022333780052377771052333711055337771555
4|SB1|9|2|666000044636550004636550004336551144336111444377111114387722244887722224888722224
3|SB1|9|2|770000111077000011000005022330055522336665552336655222866685282888888882844444882
2|SB1|9|2|830000655833330655833000655830066655837077555877774111887724411887724111822221111
2|SB1|9|2|644444444666434444066434447006437777066227787166222287115552888115552288115552288
4|SB1|9|2|444444455804414455800114445800111555800221556802222566337772266377722666333722666
2|SB1|9|2|855555555833335555833355444863255444862225014866270014887777014877770004770000004
3|SB1|9|2|888844455844844445884440455688800005686602055666002225617702222617333232617733333
3|SB1|9|2|666666666600000262003022222083322222083325552883355155883351115444777715777777755
4|SB1|9|2|444444444322444774332284777322884117328885111222285111662085511662005551662055511
3|SB1|9|2|762222888766242883776242883766242833762222333222220113220000013555550013000000013
3|SB1|9|2|011111111001884166008844166002224663072224663072224463072224463577224333555554333
4|SB1|9|2|822222233822220233866220231886270441866274411886774441885574411885777444885557744
3|SB1|9|2|118888777011188737018883337011883377011122377042227777244225767242255567222255667
4|SB1|9|2|444455551334445511233345111233445511222445551262447778260008888666088888666088888
2|SB1|9|2|777777777777222222667722282660000288660000585663333555613333555111334445111144444
2|SB1|9|2|884444444844411404887411404877711104277111104277161600275666600575555600555333333
4|SB1|9|2|888666664866666644111116634155211634775221633755221003770011033777010000700000000
4|SB1|9|2|880111153880001153880441153880041153880044333222044433772444433722666663776666666
2|SB1|9|2|466666661444446311446666311402663331002223311002777778055555578885585588888888888
4|SB1|9|2|333333333555333713885337711888777661888777611022247611000244661022244661000444466
4|SB1|9|2|444555888444555888444555881744666681747666611777702211777002111333002111333322222
2|SB1|9|2|455555000445500000455003070445553277455533267122222266122288266122288866228888666
4|SB1|9|2|888888888686888000666000003222003303222033333274443133274111113774415111444455551
2|SB1|9|2|008888888000448888000045568444445566433335562433332222111322222111727772111777772
2|SB1|9|2|222222220211620220416660000414655008444455808434555808433558808333377888377777777
4|SB1|9|2|331111666301116622301066622300006222800002272884500772844504472884544772444444772
3|SB1|9|2|244444444222224443222278333225678833125677883155678833156678803556678803666678003
4|SB1|9|2|300011116381111166388811666333311662353112222355712222355777244357744444557774444
2|SB1|9|2|266000003226600033226688833222688433226688443227778413555771113555771113555771113
4|SB1|9|2|240000088244001008244101188221111155222271775232277775233375555233655555666655555
2|SB1|9|2|722244444722444000722444001724400011724400051776688051736880055736688555736555555
3|SB1|9|2|887777777822227474822127444802177454801177454801118454888888854333338555333666655
3|SB1|9|2|888888888008085558000055558033321155443321111442221111477766611447777661477776661
4|SB1|9|2|333374444666374447666677777666877777888888888828811188828810155822000555825555555
2|SB1|9|2|866666666888611111111111111551710111551700001553704400333444440333222220322222200
3|SB1|9|2|774444448877744888888888868811118866331111666333331666335522206555522206555522206
3|SB1|9|2|005888884055558884005055884000008881022001111662011317622233317662273777662777777
2|SB1|9|2|666622288466222880466628800462228000422220000433375500447775550477755155771111115
4|SB1|9|2|002222288000222888700128878777111775737777775333333555663334555466334445444444445
4|SB1|9|2|333322555732222225733424255777444451777400111787600111786600001788600011786600011
3|SB1|9|2|448888666441118666443138866433333866722288886772225556722255056777205055000000005
3|SB1|9|2|600000444603330044668830044688888044888220004552220044522227714555277714522277714
3|SB1|9|2|111133333611222335661123335666623335666443333666478883644477773604077773600007333
2|SB1|9|2|111111111113311313000333333722668883722266844726264444776667774777777575555555555
3|SB1|9|2|822227777814427557814427755114227775114177755111177775111770005166670000166333330
2|SB1|9|2|888115555888815665788115366788114363784444333788424330782222230782222330888882333
3|SB1|9|2|666666662886555622888888822481000882411108882417118333477718883771111133777733333
4|SB1|9|2|778888866777838866443833556443335566443355556443351116043111111000112222002222222
3|SB1|9|2|153333333155555337111113337111166627411662227446662222846622222888220002888880000
3|SB1|9|2|777778888448772888448222286488888886441866686411063666110003336115053555155555555
3|SB1|9|2|000833111008883311006663311066463311066444331444454511424255551222257771227777771
3|SB1|9|2|614448880611148000661048800621008000221100007222577777225577337222577737233333333
2|SB1|9|2|000665558066665558363655558363668888333322888323322444322224474222777777221117777
3|SB1|9|2|158888888151182288151112448111132248711332248776333348776663008676663088666633008
3|SB1|9|2|888888888811142888871442668871142665077746665000344465000333665303336655333666666
3|SB1|9|2|400000055444000005224000605227766655222773666227733331288713331888713111777711111
3|SB1|9|2|556663300556113330556613030226413000226470000224477700222477770222478777224478888
3|SB1|9|2|622222888662232288666238888667333344617737344611777544610747544110744544000774444
3|SB1|9|2|777788883755778833755555833755558833022224436002244436202241666202211166222666666
2|SB1|9|2|077711333004771133044711133044771133444771133665572333665552283665552283222222883
2|SB1|9|2|888122244881112224800022244808088844888888844333358444337755554777665644766666664
2|SB1|9|2|777777888447777688144117688111177668000176628011175222333175222331175222333172222
4|SB1|9|2|088888888000008888000222383022266333226666363555466663444411166444111766441177776
3|SB1|9|2|244444444205555466205444466000008466000068866007768666777766663177776333111116333
4|SB1|9|2|444447777844407777884407272884000272110005222311105255333355556336365666366666666
3|SB1|9|2|555583333655883338655580008615882008611482008114482208111482888711888888777777778
4|SB1|9|2|777388884773338444772228444722228844771228844111115544111105554666600055666600005
4|SB1|9|2|700222883700002883788882833778888888711118888716611118766611511666111555644444455
3|SB1|9|2|555188877555188876555118876545558866544558886445588066432222006433222066433336666
3|SB1|9|2|888822222808884224000004424050077444055774444555371114755371164777371164777777166
3|SB1|9|2|644444445661144455611148485666148883660008833762008833762008833762008338222208888
4|SB1|9|2|222222888022231888072331188072331888777731188776734148776734448766664544665555554
3|SB1|9|2|114444444111144444112166484222166684222265685333355555337355577777777777700000777
2|SB1|9|2|000000000001007004881177774811774474831344444333332455636332555636362555666665555
3|SB1|9|2|888888881844448111444088211455008222655508233655708223657708233677788833677888833
4|SB1|9|2|855555544888555544655555554661133333261331333261111137262100007222007077277777777
3|SB1|9|2|888882277884488277834482277834481277834881111834881111335888011555666011566600001
3|SB1|9|2|888888888447778881477788381450333381550003111555503121566000221666600221000000021
4|SB1|9|2|664444422566442222564472272555477777500071787530011187533011888530011188530118888
3|SB1|9|2|888611111866634441886334441866630421866600421855500022857550022557500222577770022
3|SB1|9|2|666655555866333455866334455866134475011124475010127777010227727000027227022222222
2|SB1|9|2|888888888555806666555006666577706666222200636222220636121140436111440433444444433
4|SB1|9|2|888888888222281118202081111600085551603355551633354455666664445666667745667777745
2|SB1|9|2|666668444688888844681887744611377744661335777623335757623335555622230005623333300
2|SB1|9|2|822244444882264477822264477821167777881117777351177777351770007351130300333333330
4|SB1|9|2|488880000455588800444588000445588077665228777622228177622221177333323117333333317
2|SB1|9|2|811166677881112667888122267381142267385144467385044477385044077385040077388000077
4|SB1|9|2|500777773500000773550007773500221173664221773644821173644877773664888773668877733
2|SB1|9|2|644444442666664222667644228677774228077774128005554188033533188083331188088888888
3|SB1|9|2|111422222111444442117748222177788825177885855113355555133336555133366565100066666
4|SB1|9|2|811111000841000000841400002844444002844774762344777766334477566335555566333666666
2|SB1|9|2|444555555474400355477000335477700355427778885421188688421116666421166666421111666
3|SB1|9|2|222555444255555444222555544662333330611333330611388880611377000661337777111177777
2|SB1|9|2|864444555866604445866604555866604455836667455333677775233317775211111115222211555
3|SB1|9|2|110000000116602000116002044136622444833622544833775544833775554333377755337775555
3|SB1|9|2|117777777117333377188888888111800088155800008555844466255844466222244666222222666
3|SB1|9|2|222221888222221188226211778066617777000117777050111377055533347555534347555334447
2|SB1|9|2|244444444224241111222244111027771111021111661028666611028336651088333351088555551
2|SB1|9|2|111111111377710001337511000355544400333224440333324840636628844666622884622228884
2|SB1|9|2|111333333111555330122253300122255300112556360115556660148856667148777677148877777
3|SB1|9|2|888888555811885555811165665816666665733366455770366444770000744777777774722222774
3|SB1|9|2|800077776888000066880006666888886886222888866212883336114486666144485556114445566
3|SB1|9|2|333777770337777700333770008255666808255564888225544418222554118222544111255551111
3|SB1|9|2|888888884111555554711555444777775554776755554666625254000622224000622334333333344
2|SB1|9|2|666558111665588811665553311665533314655553044677700044627700044622700044622700044
4|SB1|9|2|555522777555522777555223333880023333880026333880126666111116646111116446111444444
4|SB1|9|2|666666277666632227633333347338388447388384447888888477800055577005551117555111117
4|SB1|9|2|444555550445555500445777700445777776117773766211333366233338886222338888228888888
4|SB1|9|2|004444433004554433004544431044544111224577181266777181266671181226777188777777111
3|SB1|9|2|377777776330077766830077666882017766882211166882551164882551144882255444222244444
2|SB1|9|2|000333555020033544220033554220033554220711544627718844677118888677111888777777788
3|SB1|9|2|000777777001177888500188888550182488550882444555882224588888444333866464888866664
4|SB1|9|2|733333333774443333777777733756672333756672223555672222851111112888001122888000022
4|SB1|9|2|778888555700818885700111855770118852700002222002222222033624224033644444036644444
2|SB1|9|2|777775555177777755111074755101044455000004885022008885032268655033266665032266655
3|SB1|9|2|773333334773331334777331334788211144888222224555222064505552064005022064000000044
4|SB1|9|2|455555577445565577844566571880666611880060211833000211883300211883303221833333322
3|SB1|9|2|388888884333338884533308184555008144500008114566008744226608777228668777228888877
2|SB1|9|2|222117777211157747211155744221155744201185444008885444000883334008833333088886663
4|SB1|9|2|225556666222256644121553664111333344133330344113330444110000048770080888777888888
3|SB1|9|2|514433888511443388511443388521446338522446388522266368522226668700066778777777778
4|SB1|9|2|886666644188866444187766664177765564100555534100055333101555532111225222111122222
4|SB1|9|2|886666555866655555886653555086613344088613444082211144000221177000211777001117777
3|SB1|9|2|820000005822115005821115555822177573822777773826447733826647333826447433844444444
2|SB1|9|2|034444558031114558033334458333735458773755458773775458777755555666625252622222222
4|SB1|9|2|002888888002111858002111158022222258337777558377777788337766668334446688666666668
3|SB1|9|2|110000033814440033811140033881440333811140003881146663857726223857722223855772223
4|SB1|9|2|333000000663224440633224400632222440634444400655500000757551180777751880777111880
2|SB1|9|2|220000000222220700662228707663288777633281175633211115333115115443155555444445555
2|SB1|9|2|300022222300002222333032555663333555668881157664811177644111177644441177444441177
4|SB1|9|2|488888888444448855222445555144443555114773555110733355110705555000700666000006666
2|SB1|9|2|222166666221116676211517776223557776333355776433335777444330007444300007443388807
4|SB1|9|2|866664777886644467833666667883660666833660006222000006212200500212225550111255000
2|SB1|9|2|444444333444411313222111113211116611201776661200776611207766111007666555088888555
4|SB1|9|2|611188447661888447661188477666885777666655777006555555300002222333302222333322222
2|SB1|9|2|888885556288855666288556661288851611888751111078734411077733441000033444033333344
4|SB1|9|2|222666633266644633664444833868448833888888833887777333817000353810050553810555553
3|SB1|9|2|556666666855563336888833386188888888122444088112777008122777008112727000122220000
2|SB1|9|2|555500333554003333554800011244888811244788116244788116444768816477766666466666666
3|SB1|9|2|666611111666614441555554041888334041888830041878233041878232011878222881878888888
4|SB1|9|2|734444446733400466733400446715002226715002266715502266115502286111002288111111228
4|SB1|9|2|004444777100447777111247478611244448616222488616333488666333468656666666655556666
3|SB1|9|2|288884444288888466288868666587766666557770000555770000555770101333730111333333311
4|SB1|9|2|300000000388880011388557011885557011865557111666557111465522212464444222444442222
3|SB1|9|2|116663377511163777556663744555533344222523334222224344000044444000044444008888884
3|SB1|9|2|333211111003221111003322771033822771005822771055886661055866641556866441566666641
4|SB1|9|2|441100888341110188344100118334111178344412178333442177366552177365522177666522227
3|SB1|9|2|777776885076666685072668685072688885072666485071111445071131444077134444773333444
3|SB1|9|2|033338888033333388000033381000044441700221111707211111777211116775251616775551666
3|SB1|9|2|311111111337101666377700776377707776877777776888522444885522444888522444822222244
4|SB1|9|2|777772224777772224333722224333044444300004411300011111308055611388555666388555666
3|SB1|9|2|668888888666663388555163888551133338521110038522100004721114004777714444777777444
2|SB1|9|2|666665555466672225444675555404675558404077778000007788030337778333377778311111888
3|SB1|9|2|588844000584844440584444000588877030551177730511173333561622333666622333222222333
3|SB1|9|2|222222225777232005776233005776330088176430008176438808177434888777444888774444888
2|SB1|9|2|888881111878811151777882151777782555766382050766322050764320050764422050744442000
3|SB1|9|2|888888880822228000225288110355558818355558118336668888344678888334477878444777778
2|SB1|9|2|366666666333364444377444040377700000377700000827210500822211500822515500822555550
2|SB1|9|2|665588888665510088665510080666513000422553000442223300422773330442277370442227777
3|SB1|9|2|888888888886668111666661111000065211066665221046445521044455521333444522777777722
3|SB1|9|2|000222881000088881030333881333333781555833781555837781588888888888846668844446888
3|SB1|9|2|444322220434322000333325880331325580131331580111111880611177800611777880667778880
2|SB1|9|2|000771333007711133077771533071111533000015533060665558666662888244422288222222888
4|SB1|9|2|777000000887333000877550000887555566827555566824446666822242166888222111822222211
2|SB1|9|2|444441888244411188224411886244111186224155886555555800578888800573333000573333300
4|SB1|9|2|111177777117177333117773333122276363522776663555566666555668686444088886400000066
3|SB1|9|2|000777776007777776200277776222217733222213333111115553114115858414855858444888888
3|SB1|9|2|331111111333881144358811114555866144777886644776666664700000664770002664722222266
3|SB1|9|2|333366666233333666233534466225554446222000466882007777888001177880011777880011111
3|SB1|9|2|261111111266111118226111888626114808666444000776554444777554444777555333555533333
3|SB1|9|2|221177784222177784211117784000111884000111884000131844000336644555536666555566666
3|SB1|9|2|282255555282275116288275516282271516282221116222221111233300101434300001444444000
3|SB1|9|2|333333300222233300820000000850100060850111666857116666877774646888874444777777774
4|SB1|9|2|005555558000000578110455578144445778114466678144446678124346778124366677123336777
3|SB1|9|2|226667777222266777242277777442220707444420000433445550333455100388811100388888888
4|SB1|9|2|888888888808688877008678777006677777306344447333355444325555554222111155111111155
2|SB1|9|2|330888887300228787300228787306228777336628887666628477111624457111111457144444457
3|SB1|9|2|744444444777888466705588466705881466005581666000581126088581326888883326833333666
4|SB1|9|2|888788884877777884888888884808226684002266655302266555333226655333266151332211111
4|SB1|9|2|666688554222688554222685504336685500336685500336685000111888000111788770777777770
4|SB1|9|2|611111330666133300661180000666888700665887700455588770445887700445582220555882200
4|SB1|9|2|000000000444020888444020888666022888616022888116338885133333755113773775177777777
3|SB1|9|2|661111888644441888622221138652221138555521138555523338550523338000027733077777773
4|SB1|9|2|222111111552144100552444000554404000563300000666388807663388777633888777668888777
3|SB1|9|2|000033333208883553222283355221283555211155545212114544222744444277777646277666666
4|SB1|9|2|118777777118222227118877777004885337604485337604885837604485837644488837666668337
4|SB1|9|2|111111177551111887255118877252111800222416800222446000334446000344466600334444600
3|SB1|9|2|811111116888888866882333886822008866222000864225550864755558884755577744777777777
4|SB1|9|2|844444443888444433888888813828558811222551111222550001626650001666600777666777777
4|SB1|9|2|778888888077886866071886666001155556001155556000144555201144445222344335223333335
3|SB1|9|2|555555511525005511225505111620005411660074441666074411633078811333378811777777881
2|SB1|9|2|333888444233008844233008844273300884773118884771111664711116664771166666777115556
2|SB1|9|2|888888833858282883852222833552666831454888831444448801474777001777707700000000000
4|SB1|9|2|088866666000886886011288856012225556012225456112225456112224446777222344777333344
4|SB1|9|2|233888844223388844225380844525330884555300884565000084666666684111777774177777774
2|SB1|9|2|155333777155513777155113747111113747210113847210188888200888868200686668226666888
4|SB1|9|2|555377777455333377455313117441113177466111117486666177486661107882222007888820007
3|SB1|9|2|221111110822111100888810000888885006833355506873333006873344066377334666333344666
2|SB1|9|2|222111888255118886251188886255111666225776666233377766227777776200077777207774447
3|SB1|9|2|336611114036661114033361114033366744333337774532333784552277784522288884552288884
4|SB1|9|2|888833333877753300887553300887753300877773266844472266841422266441122266411111166
2|SB1|9|2|111111128111122228188888888166554878165554770165554770166500700666550000633330000
3|SB1|9|2|333333333833333332888833132888811122555114127655044777600064477606064777666667777
2|SB1|9|2|611111111666111555446415525444412222444112222444333332488800322778700002777770222
2|SB1|9|2|000555222000005555077755445777744444777774444111788844667788884666888884333333384
4|SB1|9|2|333655555334665562334466562334866662388822262888822222788770112777700012700000112
3|SB1|9|2|066666888006611188000663388606633388666334338666334422677544422777544222777544422
3|SB1|9|2|555555666888554006888554406188554406188333006112233066222233766222337766222777766
4|SB1|9|2|588001111558800111558800001555807000554777777334447677322446676322466776222446666
4|SB1|9|2|444666666444662222554622223555688223577888883517733383517733333117770033000000003
4|SB1|9|2|222666660272626000772224400772444000722444440723333000755313388755111888751111888
2|SB1|9|2|777774444333333344331113344111113334121600044826600555826605555888600055888005555
3|SB1|9|2|443388822444382222443380222553380087553380887555388887551388687551886686111186666
3|SB1|9|2|888055555880005533820155333820155433821115443828155443888888843777868844777766644
2|SB1|9|2|888444223888544233881514223661514223661114333661113333677100033777100333777770033
3|SB1|9|2|333311116033317666033117766031111776031211716032221114035241414055544444888888884
3|SB1|9|2|111444444133444044113470084213477088220077088226000088626600088626665008666655555
4|SB1|9|2|333311177331333177211111117224447117200477717220000777266880055268888055668888055
4|SB1|9|2|888822222887820202787800002777700002111700555141705555144633355444663665444666665
3|SB1|9|2|000544666800554666800054466883554666873354446877324446773322416773322216722222216
3|SB1|9|2|333333377344222777442212787442212787442212188440611188550666688560668888566688888
3|SB1|9|2|400333333440555663400055563445555663455555633477766623488111223488881223448111123
2|SB1|9|2|554444444855441444855111144885111114885512124877772226077776226033366666000000000
4|SB1|9|2|044777777004444777004443375001422375011122375011127375611877775616878777666888877
3|SB1|9|2|771111114877111444887711466827711666221116666225566060255566000222563303333333333
4|SB1|9|2|555522222585552222588544442885554742888564777183364477183366677133666666116600006
3|SB1|9|2|110000000710000033711008883711188333711188833112244553622244453622244453666644433
4|SB1|9|2|288888888222238383252333333255533333151554363111114463110114763010717766000777766
3|SB1|9|2|000000088200600881206660081226550581777755581555775581445555881443353881443333881
2|SB1|9|2|877773222811173322881173222511773332557770302655550002665660042066600442000000042
3|SB1|9|2|552222222555552226151532666111336666141333766844337776843387076888380070888888000
3|SB1|9|2|888888888585518888555111880425221180422211110433310000443366660444476600444477700
3|SB1|9|2|224444477244442778242222778222225778002165555002165555000166335066663335666333335
4|SB1|9|2|466666666461165222461665202411665000411665050711115555733388885737888788777777777
4|SB1|9|2|666888000566888000555883300555113333511113337111177777144427777444422227444422227
4|SB1|9|2|055555555000755556007756556000786666100188622111188622333148222343148222444448822
3|SB1|9|2|316666888311666088311666000333600000333666500332265550322265570322265777444447777
3|SB1|9|2|333335555333088555433088222446088282646088882666622222616672272611177772111111172
4|SB1|9|2|477772222447066222447006221337306121033301111000005111050005881550555888555555888
3|SB1|9|2|615558888611155888611155588641158882643133382643337382644007382044007382000007888
4|SB1|9|2|155555552111644452666684442667684242337888222377788228388888888333888088000000088
2|SB1|9|2|666666664666600464161660444111000444177502224117552224177522224773322828773338888
4|SB1|9|2|668883377066583777006583377000533337020534347025534347022544447522555544555551114
2|SB1|9|2|552211111555222221556622221566627771556667771506000711000004741888334444333333334
4|SB1|9|2|557777777155557077111140000111344400121344400122334000828384660888884666888884666
3|SB1|9|2|033311111003337511000337511003337558443355558422255558422225688222666688222226666
3|SB1|9|2|888888888585448888555444444775244344775226334777216334770016334000116133011111133
4|SB1|9|2|007777773400777773477747773444441333444411111222221111222226666828556556888855566
3|SB1|9|2|088866666008888886000088666002555566222255546222557446311157744331377444333374444
3|SB1|9|2|117777777110667477100064477110664447116666477122226557888835557883833337833333337
2|SB1|9|2|888888888686555558666447588666647708616447700616447003614477333624443333622223333
3|SB1|9|2|888888822883822222483335500433355500433555550443511100444677707446667777466666777
3|SB1|9|2|222331188722344188722344118772314188777511118755555888776650088776655000766666000
2|SB1|9|2|444400077443300077463300077262300778262311888222551188252555188255555118555558888
4|SB1|9|2|883331550883111150833311550833222000833322200888886440877886440776686400776666440
4|SB1|9|2|000111886001111186000008886433777866443376666433555266435522226433555226335522226
2|SB1|9|2|277777777273767777223767177263366117666664177556044187500004887550044887000444887
4|SB1|9|2|888888888880008282180302222170332262170335662177355662115555562111545566144444466
2|SB1|9|2|551166666555116777515116777111166637418122337488822237444002337444400333400000033
3|SB1|9|2|888111155884411152874415552874445552774555552774655502777660002777660000766663333
2|SB1|9|2|444444444111455544788455543788888533777722533772772532762222222666200022000000022
3|SB1|9|2|000221111002221818003388888088333338088888888787744455777744455666444555666664555
3|SB1|9|2|777777777476666777476011170470010000433000000333358220355558820358588820558888220
3|SB1|9|2|117777774117777774117777444112222644802666664800663664806663333800565535805555555
4|SB1|9|2|866640000844644400884444000882111100882111107882117177833377775833377775333555555
3|SB1|9|2|002222188022222118002222418002777418502474418504444488504344668334333668333336668
3|SB1|9|2|266666666233688644233688444138887744133817744111117444111100040110000040115550000
4|SB1|9|2|288811003228811103288881103288111133244411333447771333644773353647733555667773555
3|SB1|9|2|666112222666612002666411000764441110754541110755553110733333310333338311338888881
4|SB1|9|2|888011111800003111800003311877663331877663334876668344888888844222885844222255544
2|SB1|9|2|222277000228887700322887700333387700333644500333644550316644450316644450316664400
3|SB1|9|2|008888888018855584018855544011111554061624444066624344022223334022233333222237773
4|SB1|9|2|555555533855555733888057763800077766222007766022001766000011766001111766044411776
3|SB1|9|2|555100000111100000221110088223133888233336887227366887727336677777777777444444477
3|SB1|9|2|225555557622555777662225557662055477662054447662051477668851111868881331888833311
3|SB1|9|2|633333004633333044633313044771113044771513444775514488775558882777522222222222222
3|SB1|9|2|777777777007022777000002222304666622344666552344666552366661552888111555888888885
2|SB1|9|2|222888333228818300228113300288413300222443000255540070664444070666664070444444470
3|SB1|9|2|308885577308822577300822577340882227340422127444442122664441122664111112664441222
4|SB1|9|2|777755544755555444885004484880008888888888268222222268233122166331111116331111666
3|SB1|9|2|888177775881117775811111735861077735861007333866007333888888833444222333444422233
2|SB1|9|2|011111663007711663807711663887714663882244463822224463855224463885522463855522666
3|SB1|9|2|888666552488665552488655522486667522488867722330011722330011727300017777331111777
4|SB1|9|2|777333333743383833248883833244488833222880003222280000622255550666211550622211100
3|SB1|9|2|444444444222446666200048866220088666220078776220077177233371117577771717555577777
4|SB1|9|2|555888888545558822444588822444481122476681112476611122476611222473611000433333000
3|SB1|9|2|777771666744711116774418166774488806774458806744552800545522000555522000533332200
4|SB1|9|2|444488888334485588334485668344085562300082562100882222110877222117872222117777722
4|SB1|9|2|444466682443466882443226822443266222433222222003117222003117772001117772001115555
2|SB1|9|2|888833311228888111228888811728881111754444161755444461755555561750505561700001111
3|SB1|9|2|888666666778656633788856633708856333700153333001133333000112343001122343111222243
2|SB1|9|2|166600000113666600113600000133622200183672440183577740188577740185547440188544400
2|SB1|9|2|550444444500064444500666337501662237501162237581666277582222277588222277558888777
2|SB1|9|2|000077777500007277580002274580222244880002444880103434811163334886166633866666663
4|SB1|9|2|444446666444416116044411116044422226044222266005277787035557887335577787335577777
4|SB1|9|2|111000000881333000881332200881332000811332220841632270444655570446665570446555570
3|SB1|9|2|666666666555616161553111111333331110332211010222210000244288808444288888447777788
3|SB1|9|2|111111111333301111888300001888882022878872222477777762455777762455576766455576666
4|SB1|9|2|888882255888222225818124445111144645017146655007136665707733665777736655777766666
4|SB1|9|2|777773333557733343577763344557763444577666664500066444808022224888822122888221112
4|SB1|9|2|000000001550777701557747701557444711544444412648448422688448882668888822333333822
3|SB1|9|2|277778888277777788222870781228800081228888881288466611555436611454433631444443331
3|SB1|9|2|885555555088555355005535333005633333206634773206634773266644773222664733666611133
4|SB1|9|2|111337770111333370881113370888833770888332200888886222854446422555546422555444442
2|SB1|9|2|122222222118877222118377422318373422311333422333363522303665552600065655666666665
3|SB1|9|2|222226666200006666225056166225555166245355166243311186243317786243317786444337886
3|SB1|9|2|887777777688887777688337447633331147633211144532221104555511104555550004555500004
4|SB1|9|2|222226666744422655744226655774266655110000555111110055313330085333333085330000085
3|SB1|9|2|222261111226666111256466611256486111258487717288888777288088700200000000333330000
2|SB1|9|2|000061116400066666444466663744433633724223333722223833728888888778555858777755558
2|SB1|9|2|556444444566633244555633244566630244576600848770008888700001188770011118770008888
3|SB1|9|2|444446111444446611444866661888877621888877722838857222338555222038555522000000222
3|SB1|9|2|777224466772244666722266666772666556771166555711116533018888833000008333088888883
3|SB1|9|2|211110005222000405822224455884444445888346655833337665833737665887737766877777776
2|SB1|9|2|566666666551666460511464460111444400171114000777813030778833330772822333722222223
3|SB1|9|2|666444444666414224066412222067712222067777552863337752883777752883337752888355555
2|SB1|9|2|333000005233335555233755454277755444277755554271755644221666644221666666211688886
3|SB1|9|2|444444442000444842010084842110188882111187822155557882666657882666653322633333322
4|SB1|9|2|117777777122222777111226777411666888466655808433550008433500088433555088330000088
4|SB1|9|2|887744444888777744888227774333211114333255514362200011362220111666220111222220111
2|SB1|9|2|731111111733348115723248155723248115723288188222208880222200800626660000666660000
3|SB1|9|2|000003333888000331000003331555523331522222341522223344226227444266627774266667744
2|SB1|9|2|555556666855550066888553066888833066111833036777333333477732333447222223444443333
4|SB1|9|2|222888888228888448328888444331110004311666604331156604111156004777555000755555500
3|SB1|9|2|777777777711117777118888888100088366555888366552228336555522366545223333444433333
2|SB1|9|2|555088888510008888511044488551114488551111448222314488223317668222377768333337668
4|SB1|9|2|221111113221144333221164433222264633288266663882266663855276063855770000555577700
2|SB1|9|2|222277777522228377555288337555588833111558033881118003888888803884448600666666600
4|SB1|9|2|888888881866887111666487711566440771556400073566000773552330733522330733222233333
2|SB1|9|2|000055555400033555488833388488888888448177668441177668444177668442222662442222222
3|SB1|9|2|788222555782222255780666255780663555780043311780043111780443311788444311888443311
3|SB1|9|2|088883888088333338088888888888881114866584144665554444662577477622577777622222777
2|SB1|9|2|056666666055555664055118664011118664011218634021288833222228333777728333888888833
3|SB1|9|2|700088888706000008766660088766555544766662544161162244111122244311122444333344444
3|SB1|9|2|222228887328828887322888867332866667334666566044456565000055555000015555001111115
4|SB1|9|2|222220000222200011882227011887777001866674001566674001556664031566644431556644431
2|SB1|9|2|333566677355566777335566777355666787355622787335422080315422080314420000311000000
4|SB1|9|2|055557776055557766008588726088882223081882223001114223011144433011444433011144333
3|SB1|9|2|661188888061185555066181555066111155006611152066733332047773232044772222047722222
2|SB1|9|2|886611222788661662788611166766666666776365646776355646776355446776604446700000446
2|SB1|9|2|444443888774433388774431180774431000774441000224611100222661111222661511222665551
4|SB1|9|2|001111555801111155800005555888885855866688855666622833444772333747722233777723333
4|SB1|9|2|333366666111376666143377866144778886444588886444582286455582206444582206555552006
3|SB1|9|2|666663333276666344276655334276655444200665444200555444220011144280111844288888884
3|SB1|9|2|222888888228884444288844444236645454336645554036661155000661115000767715777777715
3|SB1|9|2|117777777517768777511068778551068878551044888000004838002004338202204338222204888
4|SB1|9|2|442222200444222000844222030844222330884527300814557333111557336155555636115666666
3|SB1|9|2|884400052884000052884800552888800222781806662781166662771163662771133662711113662
3|SB1|9|2|600777777660077227666627228616222288611242888661244488611144338615143338655533388
3|SB1|9|2|004444656077446656007746556777446666777777777772222711782321111888322331833333311
4|SB1|9|2|700000444777700044277704444277008555227888855228888555233688815233686615333666111
3|SB1|9|2|003333333600331111663331111666831441266854441266857771222557771222255571255555511
4|SB1|9|2|511111111511531414555534444222234440222200400272600000776600088776008888776688888
4|SB1|9|2|555555577011457777014455577014452572003332272800322222880332662800036666888033333
4|SB1|9|2|440000008444000688447666688777736668717736688113333338513888888515552222555555222
4|SB1|9|2|442228888422322388441333388411300385411300385440003385466077885446777888466777888
4|SB1|9|2|111111333511811363518817363555817363555847363552246666555244606252244006222244400
4|SB1|9|2|222222555255555577001115777000177787060388787060388787066388888666344448666333888
3|SB1|9|2|177777788111167888121667808422268800422266800424266800444465500333445500555555555
3|SB1|9|2|222223444623223044663323045633333045633334445683731145883711145883771145888111444
4|SB1|9|2|266660888266600088266633388277653338277655358776655558774888888744844111744441111
4|SB1|9|2|774466666722446886722446686222244888222888888511333808511138808551333000111110000
4|SB1|9|2|777444488744448888774544888075532222070532222000533111065533111066553111065553111
2|SB1|9|2|566444488564440088566440038566640038566622338511227388551227788511227788111777788
2|SB1|9|2|666888333864488833884448883888888833555587831225007811225507811222501111000000001
4|SB1|9|2|111444446111144466111140406122200006112200066177700333875558333855558333888888833
3|SB1|9|2|837777777833333887888888877866611447056111147055551247000511247000222247222222277
4|SB1|9|2|500000000500666666500888888550888448777771488227111448277771188227733388233333333
2|SB1|9|2|000566222440556266400556266440056666400056666411388776411338876411388776441888776
4|SB1|9|2|777777777888877722818177222811117242115444242555334444565333304666303004633300004
2|SB1|9|2|555533333553331131566661111522261101222266601277766601226666801444668800888888800
4|SB1|9|2|666666600116666000111363000113333000114444070184444777884455222888555222888555222
3|SB1|9|2|488888755481827775411822055441822055411822005611820055668880555666883555663333335
2|SB1|9|2|261110044266110044261110044211100447222133347888333347858888877858558877855588887
2|SB1|9|2|666666666333367766333667111322277744555777440555777740587777740888707000000000000
4|SB1|9|2|888886644888806644820006444222006644555006644555703114777733111777733111773333111
3|SB1|9|2|644433331666443331644444331666443331262888831222287855220287555220777755200075555
4|SB1|9|2|888833337864433377664443377064444211062242211062442111022222511000522511555555511
3|SB1|9|2|555333333857333333887773338888888888666644480611664200216664220212624220222222220
4|SB1|9|2|884444444880004466880044446881014446811114466833333666823535776223535777225555557
4|SB1|9|2|555555524775555224778552224788832224778334444073333331003633131000631111006661111
2|SB1|9|2|333111777833161777833361177833066117000011117040012277040015227044015527004015227
3|SB1|9|2|377788888337777888437777888422222888442266665416666065411166055416660000111666600
4|SB1|9|2|477771111472226161400226663440266363440226333000333333080385553888888553885555555
4|SB1|9|2|773335555773333555744335558644444488660404888600000228611110288611000211611111111
4|SB1|9|2|744444444777744444767742442766662222163366000111330000883333500888333505833333555
2|SB1|9|2|111155555131445554333444554233484444200088448222228888662622868666666666677777666
4|SB1|9|2|222222333882222223888222223877511133777551033757566003455560003444566000444466000
3|SB1|9|2|883333300388333000333336000444736660444736555242766515242666515222216115221111111
2|SB1|9|2|777777777222770007427777000444466600411556660411155666111155556888335356333333366
4|SB1|9|2|777777777888888737882228833822888335842008535844088555840000055446661111666661111
4|SB1|9|2|888888888278833111277773311277773111667713111666611101665544001655544001554444001
4|SB1|9|2|888888888666082444770022244777033244700003334000003344055554441551554441111111111
2|SB1|9|2|774488888771444885711148885711445585771442555731022555733022565733022565772222665
3|SB1|9|2|777055558727085888220088888222088084222000084624100034664113334664133444664444444
4|SB1|9|2|844422333844442233880422233800444223800142233887111113867771111666755151667755551
2|SB1|9|2|555555555566561222556661111530061111533066117830067777830007777880884744888884444
3|SB1|9|2|443333222433322200434323220444333220111353260511358266551558866755578666777777666
4|SB1|9|2|222377777263333337266553557226555588266600088221100888244100888241100888244100888
4|SB1|9|2|888833331883333311663234111622244411667444445677704005655500005666550555655555555
2|SB1|9|2|444888888344408882334408822344401122447711222555711122577761112555761111577766661
3|SB1|9|2|522222222523233222553333022888888022848880002444477022444777012766677712777777112
4|SB1|9|2|402222226400026666400026666477722636444723333411553333411153383415553383411188888
3|SB1|9|2|220033333722003003722000008755000808754478888757478118777477718767777718666667118
3|SB1|9|2|006666666200366664230334444233344444222245414222225814227225814777888811788888881
3|SB1|9|2|111112227611222077611220007611120777811220007884420505884443555383443355333333355
3|SB1|9|2|222224444555522444351122844333111844331111884001111784001117774100177644111116664
2|SB1|9|2|222666666222711116007776666000877886000888866055333888055548888005444585555555555
4|SB1|9|2|666455555644445355666245333622255313600055513607085513607088513667888113667778833
2|SB1|9|2|444555773488855573448805573644800073644888073661118073622120073662220773666277777
3|SB1|9|2|666667775666677755667775555600774453004444433000044423012222228111228828111888888
3|SB1|9|2|888888888333485558232445558222244588202446566202266666002777666000777666111111666
3|SB1|9|2|133333333113383666133888888153584878255544078222544078200544078220444078000000000
4|SB1|9|2|887777777888776000888776660181776660111777660551274444255274344252234333222333333
4|SB1|9|2|446666333446622233444662333441122330411112230411100000118775000118775555188877555
4|SB1|9|2|466555555466667588464477588444777888411177788411117888400017388227777383222223333
2|SB1|9|2|555388888655338888665533788633533778233333788222224778220444418000044118444444118
2|SB1|9|2|778888333777848803271444803271445803271115833277115533776111553776665533777555333
3|SB1|9|2|888833344788333345778333445773333455066333415066611111000001211200022221222222222
4|SB1|9|2|000555557800000577888055557222005447232405544334444444333344444133166664111166644
3|SB1|9|2|777778800177788000187880020188882220118388820168352224168355524168552224555554444
4|SB1|9|2|335552777333352277003252227033222227003322227633844111663884111663844111663344111
2|SB1|9|2|664444888666611888611111188666118888222222287223027777023005577003055777000005777
3|SB1|9|2|111111666310111165310006665311006665228888765227777775227747775424744455444444445
4|SB1|9|2|666228888446222778446222278466662778466602778116300078115305008115335008555555008
4|SB1|9|2|662222222666211221676111121677715111778775501488855001433335001444333300433333300
3|SB1|9|2|222222222000555552060655555066658775004558775044448775444888775333188177111111177
3|SB1|9|2|777777777444777777111000077110002033111222335111223335818266355818266555888265555
2|SB1|9|2|700008888777778838772776338222276333222266634221226434211144444255554444225555444
4|SB1|9|2|665533338645555338644553388644553288644553228741222288771112208771112008111122208
2|SB1|9|2|311177777312117577332227555302227665300227765308288765338288765348884666344444466
4|SB1|9|2|111700000117777000311747880332444800332268888332668888332688588222685558266665588
4|SB1|9|2|333344400311440000881440000881118888888888778286685788222685777266685777226665577
4|SB1|9|2|000000077333011077340017777344411717688421117688821111666622251626222551222225555
4|SB1|9|2|288803333228800003421885033421115533444111533464115573464117773666117373666117333
3|SB1|9|2|330000008533001008533101118533111114555666114525226144525226444522266644577766644
3|SB1|9|2|888888644888886664833366664130066664130006564137722554117722555117772255117222255
2|SB1|9|2|733333333773135222771135555711555555711566655744466665700444666700048886004444866
4|SB1|9|2|881117777281117677288117667228133667222333337220444333200044433205334433255533333
3|SB1|9|2|111755888771735858777735558770733558600032558660032588660032248660022248600022248
3|SB1|9|2|222222200555282220566882330466682230464662230444661233777611333776611133776633333
4|SB1|9|2|566888877561181872566111872566141072563441072563341002663341022666344002666334222
4|SB1|9|2|444022222400000288770000088770018888770111888777555888766555888666555333666663333
3|SB1|9|2|333366664733365654773365554777885544771881544111881444101111244001102224000004444
2|SB1|9|2|611111111666610171663600771433300777444400557444002577848822555888222255222222255
4|SB1|9|2|668888888668844488668744888667774488337772222333333222555111100555551000511111000
2|SB1|9|2|111225508112255008122555508112455000122447777122447777144436777143336667133366666
4|SB1|9|2|332222666333442868334422888534442888574442818577708818557700818557708888577708888
4|SB1|9|2|388883222333333222636333242666644444661666004661116000111177777151111777155555577
2|SB1|9|2|555548888554448880524488180222488180244444180233441180637777688636676688666666888
2|SB1|9|2|854444444855566444885666344555063334550003344000000344202211374222211174211111174
2|SB1|9|2|444555551444455551444461511666661111066677722008837722000837722000837727008887777
3|SB1|9|2|222266666877226666877776444870776444880766454800008454888888854111385555333333355
4|SB1|9|2|441138888444133880411133880441133380441123388777623888757623288555622268566666668
4|SB1|9|2|111333333111222333111627777666627777666027788646028888646000888545550088555555888
3|SB1|9|2|551116377555166337551166637451566637455533337405223777400222877000222877008888877
4|SB1|9|2|222776666222777767177777777115770000155574000111544000555544440353588480333588880
2|SB1|9|2|866666668886888888888822288555820188333220118333300711343300717444000717777777777
4|SB1|9|2|666557888766557778755555788777777708712233308711223008771243008711144448111444488
3|SB1|9|2|883336661888334611883334661883334666884444666772555666772255555722250055772200055